frame.time_epoch,frame.len,ip.src,ip.dst,tcp.srcport,tcp.dstport,tcp.flags,ftp.request.command,ftp.request.arg,ftp.response.code,ftp.response.arg
1765975453.8264318,93,10.0.2.129,10.0.2.1,0,0,,,,0,
1765975453.8265798,93,10.0.2.129,10.0.2.1,0,0,,,,0,
1765975457.4940042,74,10.0.2.129,10.0.2.128,34658,21,S,,,0,
1765975457.5017557,60,,,0,0,,,,0,
1765975457.5017676,42,,,0,0,,,,0,
1765975457.5022306,74,10.0.2.128,10.0.2.129,21,34658,SA,,,0,
1765975457.5022705,66,10.0.2.129,10.0.2.128,34658,21,A,,,0,
1765975457.5045445,86,10.0.2.128,10.0.2.129,21,34658,PA,,,220,(vsFTPd 2.3.4)
1765975457.5045767,66,10.0.2.129,10.0.2.128,34658,21,A,,,0,
1765975458.8340862,81,10.0.2.129,10.0.2.1,0,0,,,,0,
1765975458.8342295,81,10.0.2.129,10.0.2.1,0,0,,,,0,
1765975462.603288,42,,,0,0,,,,0,
1765975462.6046321,60,,,0,0,,,,0,
1765975463.8401597,81,10.0.2.129,10.0.2.1,0,0,,,,0,
1765975463.8403206,81,10.0.2.129,10.0.2.1,0,0,,,,0,
1765975468.2534428,81,10.0.2.129,10.0.2.128,34658,21,PA,USER,msfadmin,0,
1765975468.2541254,66,10.0.2.128,10.0.2.129,21,34658,A,,,0,
1765975468.2541256,100,10.0.2.128,10.0.2.129,21,34658,PA,,,331,Please specify the password.
1765975468.2541752,66,10.0.2.129,10.0.2.128,34658,21,A,,,0,
1765975468.8438747,93,10.0.2.129,10.0.2.1,0,0,,,,0,
1765975468.843953,93,10.0.2.129,10.0.2.1,0,0,,,,0,
1765975472.467305,81,10.0.2.129,10.0.2.128,34658,21,PA,PASS,msfadmin,0,
1765975472.4697912,89,10.0.2.128,10.0.2.129,21,34658,PA,,,230,Login successful.
1765975472.469803,66,10.0.2.129,10.0.2.128,34658,21,A,,,0,
1765975472.4699845,72,10.0.2.129,10.0.2.128,34658,21,PA,SYST,,0,
1765975472.4703503,85,10.0.2.128,10.0.2.129,21,34658,PA,,,215,UNIX Type: L8
1765975472.4705052,72,10.0.2.129,10.0.2.128,34658,21,PA,,,0,
1765975472.4709463,81,10.0.2.128,10.0.2.129,21,34658,PA,,,0,
1765975472.4709463,73,10.0.2.128,10.0.2.129,21,34658,PA,,,0,
1765975472.4710593,66,10.0.2.129,10.0.2.128,34658,21,A,,,0,
1765975472.4714007,131,10.0.2.128,10.0.2.129,21,34658,PA,,,0,
1765975472.5149148,66,10.0.2.129,10.0.2.128,34658,21,A,,,0,
1765975473.850021,93,10.0.2.129,10.0.2.1,0,0,,,,0,
1765975473.850175,93,10.0.2.129,10.0.2.1,0,0,,,,0,
1765975478.8559725,81,10.0.2.129,10.0.2.1,0,0,,,,0,
1765975478.8560362,81,10.0.2.129,10.0.2.1,0,0,,,,0,
1765975483.8616645,81,10.0.2.129,10.0.2.1,0,0,,,,0,
1765975483.8617792,81,10.0.2.129,10.0.2.1,0,0,,,,0,
1765975484.1075397,42,,,0,0,,,,0,
1765975484.1082852,60,,,0,0,,,,0,
1765975488.8672705,93,10.0.2.129,10.0.2.1,0,0,,,,0,
1765975488.8673327,93,10.0.2.129,10.0.2.1,0,0,,,,0,
1765975493.873248,93,10.0.2.129,10.0.2.1,0,0,,,,0,
1765975493.873432,93,10.0.2.129,10.0.2.1,0,0,,,,0,
1765975498.8792632,81,10.0.2.129,10.0.2.1,0,0,,,,0,
1765975498.8793058,81,10.0.2.129,10.0.2.1,0,0,,,,0,
1765975503.885164,81,10.0.2.129,10.0.2.1,0,0,,,,0,
1765975503.8852105,81,10.0.2.129,10.0.2.1,0,0,,,,0,
1765975508.8864307,93,10.0.2.129,10.0.2.1,0,0,,,,0,
1765975508.8864915,93,10.0.2.129,10.0.2.1,0,0,,,,0,
1765975510.4212418,72,10.0.2.129,10.0.2.128,34658,21,PA,,,0,
1765975510.4221709,115,10.0.2.128,10.0.2.129,21,34658,PA,,,229,Entering Extended Passive Mode (|||45714|).
1765975510.4221878,66,10.0.2.129,10.0.2.128,34658,21,A,,,0,
1765975510.4225297,74,10.0.2.129,10.0.2.128,54244,45714,S,,,0,
1765975510.4228508,74,10.0.2.128,10.0.2.129,45714,54244,SA,,,0,
1765975510.4228947,66,10.0.2.129,10.0.2.128,54244,45714,A,,,0,
1765975510.4231138,72,10.0.2.129,10.0.2.128,34658,21,PA,LIST,,0,
1765975510.4238539,105,10.0.2.128,10.0.2.129,21,34658,PA,,,150,Here comes the directory listing.
1765975510.4240124,264,10.0.2.128,10.0.2.129,45714,54244,PA,,,0,
1765975510.424025,66,10.0.2.129,10.0.2.128,54244,45714,A,,,0,
1765975510.4241848,90,10.0.2.128,10.0.2.129,21,34658,PA,,,226,Directory send OK.
1765975510.424185,66,10.0.2.128,10.0.2.129,45714,54244,FA,,,0,
1765975510.4243386,66,10.0.2.129,10.0.2.128,54244,45714,FA,,,0,
1765975510.4244056,66,10.0.2.129,10.0.2.128,34658,21,A,,,0,
1765975510.4249754,66,10.0.2.128,10.0.2.129,45714,54244,A,,,0,
1765975513.8923702,93,10.0.2.129,10.0.2.1,0,0,,,,0,
1765975513.8924203,93,10.0.2.129,10.0.2.1,0,0,,,,0,
1765975514.059188,42,,,0,0,,,,0,
1765975514.0597675,60,,,0,0,,,,0,
1765975515.239764,71,10.0.2.129,10.0.2.128,34658,21,PA,PWD,,0,
1765975515.2401872,88,10.0.2.128,10.0.2.129,21,34658,PA,,,257,"""/home/msfadmin"""
1765975515.2832997,66,10.0.2.129,10.0.2.128,34658,21,A,,,0,
1765975518.8998277,81,10.0.2.129,10.0.2.1,0,0,,,,0,
1765975518.8999915,81,10.0.2.129,10.0.2.1,0,0,,,,0,
1765975523.904552,81,10.0.2.129,10.0.2.1,0,0,,,,0,
1765975523.9046552,81,10.0.2.129,10.0.2.1,0,0,,,,0,
1765975526.4325776,212,10.0.2.1,239.255.255.250,0,0,,,,0,
1765975527.44721,212,10.0.2.1,239.255.255.250,0,0,,,,0,
1765975527.8770945,75,10.0.2.129,10.0.2.128,34658,21,PA,MKD,qwe,0,
1765975527.877523,100,10.0.2.128,10.0.2.129,21,34658,PA,,,257,"""/home/msfadmin/qwe"" created"
1765975527.877534,66,10.0.2.129,10.0.2.128,34658,21,A,,,0,
1765975528.4570417,212,10.0.2.1,239.255.255.250,0,0,,,,0,
1765975528.9076464,93,10.0.2.129,10.0.2.1,0,0,,,,0,
1765975528.9076912,93,10.0.2.129,10.0.2.1,0,0,,,,0,
1765975529.4706712,212,10.0.2.1,239.255.255.250,0,0,,,,0,
1765975530.524134,72,10.0.2.129,10.0.2.128,34658,21,PA,,,0,
1765975530.5248768,115,10.0.2.128,10.0.2.129,21,34658,PA,,,229,Entering Extended Passive Mode (|||49821|).
1765975530.524918,66,10.0.2.129,10.0.2.128,34658,21,A,,,0,
1765975530.525186,74,10.0.2.129,10.0.2.128,38318,49821,S,,,0,
1765975530.5256457,74,10.0.2.128,10.0.2.129,49821,38318,SA,,,0,
1765975530.5256648,66,10.0.2.129,10.0.2.128,38318,49821,A,,,0,
1765975530.525823,72,10.0.2.129,10.0.2.128,34658,21,PA,LIST,,0,
1765975530.526273,105,10.0.2.128,10.0.2.129,21,34658,PA,,,150,Here comes the directory listing.
1765975530.526394,325,10.0.2.128,10.0.2.129,49821,38318,PA,,,0,
1765975530.526404,66,10.0.2.129,10.0.2.128,38318,49821,A,,,0,
1765975530.5265348,66,10.0.2.128,10.0.2.129,49821,38318,FA,,,0,
1765975530.5266745,66,10.0.2.129,10.0.2.128,38318,49821,FA,,,0,
1765975530.527192,66,10.0.2.128,10.0.2.129,49821,38318,A,,,0,
1765975530.5271924,90,10.0.2.128,10.0.2.129,21,34658,PA,,,226,Directory send OK.
1765975530.5272412,66,10.0.2.129,10.0.2.128,34658,21,A,,,0,
1765975533.9139078,93,10.0.2.129,10.0.2.1,0,0,,,,0,
1765975533.9141626,93,10.0.2.129,10.0.2.1,0,0,,,,0,
1765975538.921589,81,10.0.2.129,10.0.2.1,0,0,,,,0,
1765975538.9217594,81,10.0.2.129,10.0.2.1,0,0,,,,0,
1765975540.424335,75,10.0.2.129,10.0.2.128,34658,21,PA,CWD,qwe,0,
1765975540.4250798,103,10.0.2.128,10.0.2.129,21,34658,PA,,,250,Directory successfully changed.
1765975540.4676383,66,10.0.2.129,10.0.2.128,34658,21,A,,,0,
1765975543.928043,81,10.0.2.129,10.0.2.1,0,0,,,,0,
1765975543.9281821,81,10.0.2.129,10.0.2.1,0,0,,,,0,
1765975544.9825108,72,10.0.2.129,10.0.2.128,34658,21,PA,,,0,
1765975544.983734,115,10.0.2.128,10.0.2.129,21,34658,PA,,,229,Entering Extended Passive Mode (|||27460|).
1765975544.9837513,66,10.0.2.129,10.0.2.128,34658,21,A,,,0,
1765975544.9841185,74,10.0.2.129,10.0.2.128,42430,27460,S,,,0,
1765975544.9846232,74,10.0.2.128,10.0.2.129,27460,42430,SA,,,0,
1765975544.9846382,66,10.0.2.129,10.0.2.128,42430,27460,A,,,0,
1765975544.9848068,72,10.0.2.129,10.0.2.128,34658,21,PA,LIST,,0,
1765975544.9852324,105,10.0.2.128,10.0.2.129,21,34658,PA,,,150,Here comes the directory listing.
1765975544.9852324,66,10.0.2.128,10.0.2.129,27460,42430,FA,,,0,
1765975544.985423,66,10.0.2.129,10.0.2.128,42430,27460,FA,,,0,
1765975544.9858074,66,10.0.2.128,10.0.2.129,27460,42430,A,,,0,
1765975544.9858077,90,10.0.2.128,10.0.2.129,21,34658,PA,,,226,Directory send OK.
1765975544.9858477,66,10.0.2.129,10.0.2.128,34658,21,A,,,0,
1765975548.9340801,93,10.0.2.129,10.0.2.1,0,0,,,,0,
1765975548.9341471,93,10.0.2.129,10.0.2.1,0,0,,,,0,
1765975549.1314168,42,,,0,0,,,,0,
1765975549.131767,60,,,0,0,,,,0,
1765975553.94,93,10.0.2.129,10.0.2.1,0,0,,,,0,
1765975553.9401023,93,10.0.2.129,10.0.2.1,0,0,,,,0,
1765975558.9467838,81,10.0.2.129,10.0.2.1,0,0,,,,0,
1765975558.9468553,81,10.0.2.129,10.0.2.1,0,0,,,,0,
1765975563.9523876,81,10.0.2.129,10.0.2.1,0,0,,,,0,
1765975563.9524798,81,10.0.2.129,10.0.2.1,0,0,,,,0,
1765975567.9654636,73,10.0.2.129,10.0.2.128,34658,21,PA,MKD,1,0,
1765975567.9660368,102,10.0.2.128,10.0.2.129,21,34658,PA,,,257,"""/home/msfadmin/qwe/1"" created"
1765975568.0069766,66,10.0.2.129,10.0.2.128,34658,21,A,,,0,
1765975568.9583633,93,10.0.2.129,10.0.2.1,0,0,,,,0,
1765975568.9584594,93,10.0.2.129,10.0.2.1,0,0,,,,0,
1765975573.9638844,93,10.0.2.129,10.0.2.1,0,0,,,,0,
1765975573.9639313,93,10.0.2.129,10.0.2.1,0,0,,,,0,
1765975578.138588,72,10.0.2.129,10.0.2.128,34658,21,PA,,,0,
1765975578.139081,114,10.0.2.128,10.0.2.129,21,34658,PA,,,229,Entering Extended Passive Mode (|||7139|).
1765975578.1390905,66,10.0.2.129,10.0.2.128,34658,21,A,,,0,
1765975578.1392903,74,10.0.2.129,10.0.2.128,44326,7139,S,,,0,
1765975578.1396706,74,10.0.2.128,10.0.2.129,7139,44326,SA,,,0,
1765975578.1396968,66,10.0.2.129,10.0.2.128,44326,7139,A,,,0,
1765975578.1398082,72,10.0.2.129,10.0.2.128,34658,21,PA,LIST,,0,
1765975578.1401963,105,10.0.2.128,10.0.2.129,21,34658,PA,,,150,Here comes the directory listing.
1765975578.1401963,125,10.0.2.128,10.0.2.129,7139,44326,PA,,,0,
1765975578.1402426,66,10.0.2.129,10.0.2.128,44326,7139,A,,,0,
1765975578.1403534,66,10.0.2.128,10.0.2.129,7139,44326,FA,,,0,
1765975578.1404324,66,10.0.2.129,10.0.2.128,44326,7139,FA,,,0,
1765975578.140844,66,10.0.2.128,10.0.2.129,7139,44326,A,,,0,
1765975578.1410747,90,10.0.2.128,10.0.2.129,21,34658,PA,,,226,Directory send OK.
1765975578.1411648,66,10.0.2.129,10.0.2.128,34658,21,A,,,0,
1765975578.9696033,81,10.0.2.129,10.0.2.1,0,0,,,,0,
1765975578.9696481,81,10.0.2.129,10.0.2.1,0,0,,,,0,
1765975583.9754393,81,10.0.2.129,10.0.2.1,0,0,,,,0,
1765975583.9755619,81,10.0.2.129,10.0.2.1,0,0,,,,0,
1765975584.2034655,42,,,0,0,,,,0,
1765975584.2037413,60,,,0,0,,,,0,
1765975588.9815235,93,10.0.2.129,10.0.2.1,0,0,,,,0,
1765975588.9815722,93,10.0.2.129,10.0.2.1,0,0,,,,0,
1765975593.987401,93,10.0.2.129,10.0.2.1,0,0,,,,0,
1765975593.9875715,93,10.0.2.129,10.0.2.1,0,0,,,,0,
1765975598.9918973,81,10.0.2.129,10.0.2.1,0,0,,,,0,
1765975598.992058,81,10.0.2.129,10.0.2.1,0,0,,,,0,
1765975600.1574874,74,10.0.2.129,10.0.2.128,34658,21,PA,MKD,22,0,
1765975600.1579654,103,10.0.2.128,10.0.2.129,21,34658,PA,,,257,"""/home/msfadmin/qwe/22"" created"
1765975600.2031934,66,10.0.2.129,10.0.2.128,34658,21,A,,,0,
1765975603.9983928,81,10.0.2.129,10.0.2.1,0,0,,,,0,
1765975603.9984777,81,10.0.2.129,10.0.2.1,0,0,,,,0,
1765975609.0047717,93,10.0.2.129,10.0.2.1,0,0,,,,0,
1765975609.004951,93,10.0.2.129,10.0.2.1,0,0,,,,0,
1765975614.0104346,93,10.0.2.129,10.0.2.1,0,0,,,,0,
1765975614.010486,93,10.0.2.129,10.0.2.1,0,0,,,,0,
1765975619.0161865,81,10.0.2.129,10.0.2.1,0,0,,,,0,
1765975619.0162568,81,10.0.2.129,10.0.2.1,0,0,,,,0,
1765975619.019816,42,,,0,0,,,,0,
1765975619.019955,60,,,0,0,,,,0,
1765975624.0219917,81,10.0.2.129,10.0.2.1,0,0,,,,0,
1765975624.0220342,81,10.0.2.129,10.0.2.1,0,0,,,,0,
1765975629.0273798,93,10.0.2.129,10.0.2.1,0,0,,,,0,
1765975629.0274243,93,10.0.2.129,10.0.2.1,0,0,,,,0,
1765975634.032996,93,10.0.2.129,10.0.2.1,0,0,,,,0,
1765975634.0330555,93,10.0.2.129,10.0.2.1,0,0,,,,0,
1765975639.0396712,81,10.0.2.129,10.0.2.1,0,0,,,,0,
1765975639.0397482,81,10.0.2.129,10.0.2.1,0,0,,,,0,
1765975644.0452268,81,10.0.2.129,10.0.2.1,0,0,,,,0,
1765975644.0452704,81,10.0.2.129,10.0.2.1,0,0,,,,0,
1765975646.436903,212,10.0.2.1,239.255.255.250,0,0,,,,0,
1765975647.4452705,212,10.0.2.1,239.255.255.250,0,0,,,,0,
1765975648.4540348,212,10.0.2.1,239.255.255.250,0,0,,,,0,
1765975649.0509238,93,10.0.2.129,10.0.2.1,0,0,,,,0,
1765975649.0509915,93,10.0.2.129,10.0.2.1,0,0,,,,0,
1765975649.4585288,212,10.0.2.1,239.255.255.250,0,0,,,,0,
1765975654.05709,93,10.0.2.129,10.0.2.1,0,0,,,,0,
1765975654.0572147,93,10.0.2.129,10.0.2.1,0,0,,,,0,
1765975654.0912254,42,,,0,0,,,,0,
1765975654.0915468,60,,,0,0,,,,0,
1765975659.063739,81,10.0.2.129,10.0.2.1,0,0,,,,0,
1765975659.063854,81,10.0.2.129,10.0.2.1,0,0,,,,0,
1765975664.069612,81,10.0.2.129,10.0.2.1,0,0,,,,0,
1765975664.0696554,81,10.0.2.129,10.0.2.1,0,0,,,,0,
1765975669.0758092,93,10.0.2.129,10.0.2.1,0,0,,,,0,
1765975669.0758524,93,10.0.2.129,10.0.2.1,0,0,,,,0,
1765975674.082013,93,10.0.2.129,10.0.2.1,0,0,,,,0,
1765975674.0820684,93,10.0.2.129,10.0.2.1,0,0,,,,0,
1765975679.088622,81,10.0.2.129,10.0.2.1,0,0,,,,0,
1765975679.0886652,81,10.0.2.129,10.0.2.1,0,0,,,,0,
1765975684.0938828,81,10.0.2.129,10.0.2.1,0,0,,,,0,
1765975684.09393,81,10.0.2.129,10.0.2.1,0,0,,,,0,
1765975689.1000712,93,10.0.2.129,10.0.2.1,0,0,,,,0,
1765975689.100115,93,10.0.2.129,10.0.2.1,0,0,,,,0,
1765975689.162913,42,,,0,0,,,,0,
1765975689.1636286,60,,,0,0,,,,0,
1765975694.1060874,93,10.0.2.129,10.0.2.1,0,0,,,,0,
1765975694.1061506,93,10.0.2.129,10.0.2.1,0,0,,,,0,
1765975699.112735,81,10.0.2.129,10.0.2.1,0,0,,,,0,
1765975699.1127813,81,10.0.2.129,10.0.2.1,0,0,,,,0,
1765975704.118293,81,10.0.2.129,10.0.2.1,0,0,,,,0,
1765975704.118336,81,10.0.2.129,10.0.2.1,0,0,,,,0,
1765975709.1238995,93,10.0.2.129,10.0.2.1,0,0,,,,0,
1765975709.1239603,93,10.0.2.129,10.0.2.1,0,0,,,,0,
1765975714.1292636,93,10.0.2.129,10.0.2.1,0,0,,,,0,
1765975714.1293108,93,10.0.2.129,10.0.2.1,0,0,,,,0,
1765975719.13541,81,10.0.2.129,10.0.2.1,0,0,,,,0,
1765975719.1354547,81,10.0.2.129,10.0.2.1,0,0,,,,0,
1765975724.141554,81,10.0.2.129,10.0.2.1,0,0,,,,0,
1765975724.1416025,81,10.0.2.129,10.0.2.1,0,0,,,,0,
1765975724.235075,42,,,0,0,,,,0,
1765975724.2356389,60,,,0,0,,,,0,
1765975729.1480548,93,10.0.2.129,10.0.2.1,0,0,,,,0,
1765975729.1482313,93,10.0.2.129,10.0.2.1,0,0,,,,0,
1765975734.1525896,93,10.0.2.129,10.0.2.1,0,0,,,,0,
1765975734.152632,93,10.0.2.129,10.0.2.1,0,0,,,,0,
1765975739.1591878,81,10.0.2.129,10.0.2.1,0,0,,,,0,
1765975739.1592672,81,10.0.2.129,10.0.2.1,0,0,,,,0,
1765975744.16474,81,10.0.2.129,10.0.2.1,0,0,,,,0,
1765975744.1647809,81,10.0.2.129,10.0.2.1,0,0,,,,0,
1765975747.4888096,72,10.0.2.129,10.0.2.128,34658,21,PA,QUIT,,0,
1765975747.4892879,80,10.0.2.128,10.0.2.129,21,34658,PA,,,221,Goodbye.
1765975747.489288,66,10.0.2.128,10.0.2.129,21,34658,FA,,,0,
1765975747.4893014,66,10.0.2.129,10.0.2.128,34658,21,A,,,0,
1765975747.4894729,66,10.0.2.129,10.0.2.128,34658,21,FA,,,0,
1765975747.4897828,66,10.0.2.128,10.0.2.129,21,34658,A,,,0,
1765975749.1714108,93,10.0.2.129,10.0.2.1,0,0,,,,0,
1765975749.1715882,93,10.0.2.129,10.0.2.1,0,0,,,,0,
1765975751.7694132,74,10.0.2.129,10.0.2.128,54170,21,S,,,0,
1765975751.769945,74,10.0.2.128,10.0.2.129,21,54170,SA,,,0,
1765975751.7699678,66,10.0.2.129,10.0.2.128,54170,21,A,,,0,
1765975751.7719333,86,10.0.2.128,10.0.2.129,21,54170,PA,,,220,(vsFTPd 2.3.4)
1765975751.7719467,66,10.0.2.129,10.0.2.128,54170,21,A,,,0,
1765975754.178357,93,10.0.2.129,10.0.2.1,0,0,,,,0,
1765975754.1785228,93,10.0.2.129,10.0.2.1,0,0,,,,0,
1765975758.5936751,81,10.0.2.129,10.0.2.128,54170,21,PA,USER,msfadmin,0,
1765975758.594176,66,10.0.2.128,10.0.2.129,21,54170,A,,,0,
1765975758.594412,100,10.0.2.128,10.0.2.129,21,54170,PA,,,331,Please specify the password.
1765975758.5944324,66,10.0.2.129,10.0.2.128,54170,21,A,,,0,
1765975759.184696,81,10.0.2.129,10.0.2.1,0,0,,,,0,
1765975759.1847377,81,10.0.2.129,10.0.2.1,0,0,,,,0,
1765975760.947161,81,10.0.2.129,10.0.2.128,54170,21,PA,PASS,msfadmin,0,
1765975760.9491796,89,10.0.2.128,10.0.2.129,21,54170,PA,,,230,Login successful.
1765975760.9491925,66,10.0.2.129,10.0.2.128,54170,21,A,,,0,
1765975760.9494004,72,10.0.2.129,10.0.2.128,54170,21,PA,SYST,,0,
1765975760.9496913,85,10.0.2.128,10.0.2.129,21,54170,PA,,,215,UNIX Type: L8
1765975760.9497824,72,10.0.2.129,10.0.2.128,54170,21,PA,,,0,
1765975760.9500582,81,10.0.2.128,10.0.2.129,21,54170,PA,,,0,
1765975760.9500582,73,10.0.2.128,10.0.2.129,21,54170,PA,,,0,
1765975760.9501445,73,10.0.2.128,10.0.2.129,21,54170,PA,,,0,
1765975760.9501774,66,10.0.2.129,10.0.2.128,54170,21,A,,,0,
1765975760.9504352,124,10.0.2.128,10.0.2.129,21,54170,PA,,,0,
1765975760.9910421,66,10.0.2.129,10.0.2.128,54170,21,A,,,0,
1765975764.0394254,72,10.0.2.129,10.0.2.128,54170,21,PA,,,0,
1765975764.040312,115,10.0.2.128,10.0.2.129,21,54170,PA,,,229,Entering Extended Passive Mode (|||56453|).
1765975764.040328,66,10.0.2.129,10.0.2.128,54170,21,A,,,0,
1765975764.0406647,74,10.0.2.129,10.0.2.128,33336,56453,S,,,0,
1765975764.041191,74,10.0.2.128,10.0.2.129,56453,33336,SA,,,0,
1765975764.0412333,66,10.0.2.129,10.0.2.128,33336,56453,A,,,0,
1765975764.0413847,72,10.0.2.129,10.0.2.128,54170,21,PA,LIST,,0,
1765975764.0418308,105,10.0.2.128,10.0.2.129,21,54170,PA,,,150,Here comes the directory listing.
1765975764.041831,325,10.0.2.128,10.0.2.129,56453,33336,PA,,,0,
1765975764.0418568,66,10.0.2.129,10.0.2.128,33336,56453,A,,,0,
1765975764.0419505,90,10.0.2.128,10.0.2.129,21,54170,PA,,,226,Directory send OK.
1765975764.0419505,66,10.0.2.128,10.0.2.129,56453,33336,FA,,,0,
1765975764.0420396,66,10.0.2.129,10.0.2.128,33336,56453,FA,,,0,
1765975764.0420768,66,10.0.2.129,10.0.2.128,54170,21,A,,,0,
1765975764.042352,66,10.0.2.128,10.0.2.129,56453,33336,A,,,0,
1765975764.190326,81,10.0.2.129,10.0.2.1,0,0,,,,0,
1765975764.1903656,81,10.0.2.129,10.0.2.1,0,0,,,,0,
1765975764.4274986,42,,,0,0,,,,0,
1765975764.42768,60,,,0,0,,,,0,
1765975766.4551187,212,10.0.2.1,239.255.255.250,0,0,,,,0,
1765975766.8373246,76,10.0.2.129,10.0.2.128,54170,21,PA,CWD,temp,0,
1765975766.8377767,99,10.0.2.128,10.0.2.129,21,54170,PA,,,550,Failed to change directory.
1765975766.8792422,66,10.0.2.129,10.0.2.128,54170,21,A,,,0,
1765975767.4561176,212,10.0.2.1,239.255.255.250,0,0,,,,0,
1765975768.461964,212,10.0.2.1,239.255.255.250,0,0,,,,0,
1765975768.7186038,324,10.0.2.129,10.0.2.254,0,0,,,,0,
1765975768.718998,342,10.0.2.254,10.0.2.129,0,0,,,,0,
1765975769.1964247,93,10.0.2.129,10.0.2.1,0,0,,,,0,
1765975769.196471,93,10.0.2.129,10.0.2.1,0,0,,,,0,
1765975769.470258,212,10.0.2.1,239.255.255.250,0,0,,,,0,
1765975773.8994212,42,,,0,0,,,,0,
1765975773.8997214,60,,,0,0,,,,0,
1765975774.1998796,93,10.0.2.129,10.0.2.1,0,0,,,,0,
1765975774.200033,93,10.0.2.129,10.0.2.1,0,0,,,,0,
1765975779.2060235,81,10.0.2.129,10.0.2.1,0,0,,,,0,
1765975779.2061048,81,10.0.2.129,10.0.2.1,0,0,,,,0,
1765975784.211844,81,10.0.2.129,10.0.2.1,0,0,,,,0,
1765975784.2120028,81,10.0.2.129,10.0.2.1,0,0,,,,0,
1765975787.9856842,75,10.0.2.129,10.0.2.128,54170,21,PA,CWD,tmp,0,
1765975787.9863744,99,10.0.2.128,10.0.2.129,21,54170,PA,,,550,Failed to change directory.
1765975787.9863863,66,10.0.2.129,10.0.2.128,54170,21,A,,,0,
1765975789.2191446,93,10.0.2.129,10.0.2.1,0,0,,,,0,
1765975789.21941,93,10.0.2.129,10.0.2.1,0,0,,,,0,
1765975794.225065,93,10.0.2.129,10.0.2.1,0,0,,,,0,
1765975794.2251093,93,10.0.2.129,10.0.2.1,0,0,,,,0,
1765975799.231683,81,10.0.2.129,10.0.2.1,0,0,,,,0,
1765975799.2317522,81,10.0.2.129,10.0.2.1,0,0,,,,0,
1765975799.2429862,42,,,0,0,,,,0,
1765975799.243154,60,,,0,0,,,,0,
1765975804.2372136,81,10.0.2.129,10.0.2.1,0,0,,,,0,
1765975804.2372696,81,10.0.2.129,10.0.2.1,0,0,,,,0,
1765975809.2427542,93,10.0.2.129,10.0.2.1,0,0,,,,0,
1765975809.2428071,93,10.0.2.129,10.0.2.1,0,0,,,,0,
1765975814.2485223,93,10.0.2.129,10.0.2.1,0,0,,,,0,
1765975814.2486851,93,10.0.2.129,10.0.2.1,0,0,,,,0,
1765975819.2551334,81,10.0.2.129,10.0.2.1,0,0,,,,0,
1765975819.2551825,81,10.0.2.129,10.0.2.1,0,0,,,,0,
1765975824.2604885,81,10.0.2.129,10.0.2.1,0,0,,,,0,
1765975824.2605371,81,10.0.2.129,10.0.2.1,0,0,,,,0,
1765975829.2659507,93,10.0.2.129,10.0.2.1,0,0,,,,0,
1765975829.265994,93,10.0.2.129,10.0.2.1,0,0,,,,0,
1765975834.271605,93,10.0.2.129,10.0.2.1,0,0,,,,0,
1765975834.2716465,93,10.0.2.129,10.0.2.1,0,0,,,,0,
1765975834.315544,42,,,0,0,,,,0,
1765975834.3158524,60,,,0,0,,,,0,
1765975839.2773788,81,10.0.2.129,10.0.2.1,0,0,,,,0,
1765975839.2774248,81,10.0.2.129,10.0.2.1,0,0,,,,0,
1765975840.4200644,76,10.0.2.129,10.0.2.128,54170,21,PA,CWD,/tmp,0,
1765975840.4205375,103,10.0.2.128,10.0.2.129,21,54170,PA,,,250,Directory successfully changed.
1765975840.4205482,66,10.0.2.129,10.0.2.128,54170,21,A,,,0,
1765975844.2837217,81,10.0.2.129,10.0.2.1,0,0,,,,0,
1765975844.283912,81,10.0.2.129,10.0.2.1,0,0,,,,0,
1765975845.5794864,42,,,0,0,,,,0,
1765975845.580808,60,,,0,0,,,,0,
1765975849.2898262,93,10.0.2.129,10.0.2.1,0,0,,,,0,
1765975849.289962,93,10.0.2.129,10.0.2.1,0,0,,,,0,
1765975851.6517248,77,10.0.2.129,10.0.2.128,54170,21,PA,MKD,qwert,0,
1765975851.6525536,92,10.0.2.128,10.0.2.129,21,54170,PA,,,257,"""/tmp/qwert"" created"
1765975851.652569,66,10.0.2.129,10.0.2.128,54170,21,A,,,0,
1765975854.296333,93,10.0.2.129,10.0.2.1,0,0,,,,0,
1765975854.2964954,93,10.0.2.129,10.0.2.1,0,0,,,,0,
1765975855.8792195,77,10.0.2.129,10.0.2.128,54170,21,PA,CWD,qwert,0,
1765975855.8798838,103,10.0.2.128,10.0.2.129,21,54170,PA,,,250,Directory successfully changed.
1765975855.8799,66,10.0.2.129,10.0.2.128,54170,21,A,,,0,
1765975859.3031876,81,10.0.2.129,10.0.2.1,0,0,,,,0,
1765975859.3032336,81,10.0.2.129,10.0.2.1,0,0,,,,0,
1765975864.308631,81,10.0.2.129,10.0.2.1,0,0,,,,0,
1765975864.3086698,81,10.0.2.129,10.0.2.1,0,0,,,,0,
1765975869.3140843,93,10.0.2.129,10.0.2.1,0,0,,,,0,
1765975869.3141282,93,10.0.2.129,10.0.2.1,0,0,,,,0,
1765975869.3873782,42,,,0,0,,,,0,
1765975869.3875139,60,,,0,0,,,,0,
1765975874.3195608,93,10.0.2.129,10.0.2.1,0,0,,,,0,
1765975874.3196146,93,10.0.2.129,10.0.2.1,0,0,,,,0,
1765975879.3276343,81,10.0.2.129,10.0.2.1,0,0,,,,0,
1765975879.327794,81,10.0.2.129,10.0.2.1,0,0,,,,0,
1765975884.333572,81,10.0.2.129,10.0.2.1,0,0,,,,0,
1765975884.3336687,81,10.0.2.129,10.0.2.1,0,0,,,,0,
1765975886.453865,212,10.0.2.1,239.255.255.250,0,0,,,,0,
1765975887.457611,212,10.0.2.1,239.255.255.250,0,0,,,,0,
1765975888.4582407,212,10.0.2.1,239.255.255.250,0,0,,,,0,
1765975889.3395803,93,10.0.2.129,10.0.2.1,0,0,,,,0,
1765975889.3396509,93,10.0.2.129,10.0.2.1,0,0,,,,0,
1765975889.4657469,212,10.0.2.1,239.255.255.250,0,0,,,,0,
1765975894.3449016,93,10.0.2.129,10.0.2.1,0,0,,,,0,
1765975894.3449452,93,10.0.2.129,10.0.2.1,0,0,,,,0,
1765975895.113555,74,10.0.2.129,10.0.2.128,54170,21,PA,TYPE,I,0,
1765975895.113967,97,10.0.2.128,10.0.2.129,21,54170,PA,,,200,Switching to Binary mode.
1765975895.1139784,66,10.0.2.129,10.0.2.128,54170,21,A,,,0,
1765975899.3513467,81,10.0.2.129,10.0.2.1,0,0,,,,0,
1765975899.3513901,81,10.0.2.129,10.0.2.1,0,0,,,,0,
1765975904.3575382,81,10.0.2.129,10.0.2.1,0,0,,,,0,
1765975904.3575802,81,10.0.2.129,10.0.2.1,0,0,,,,0,
1765975909.3634448,93,10.0.2.129,10.0.2.1,0,0,,,,0,
1765975909.3635106,93,10.0.2.129,10.0.2.1,0,0,,,,0,
1765975914.3689601,93,10.0.2.129,10.0.2.1,0,0,,,,0,
1765975914.3690026,93,10.0.2.129,10.0.2.1,0,0,,,,0,
1765975917.7730844,91,10.0.2.129,10.0.2.128,54170,21,PA,SITE,exec touch aaa.txt,0,
1765975917.7738132,93,10.0.2.128,10.0.2.129,21,54170,PA,,,500,Unknown SITE command.
1765975917.7738287,66,10.0.2.129,10.0.2.128,54170,21,A,,,0,
1765975919.3762898,81,10.0.2.129,10.0.2.1,0,0,,,,0,
1765975919.3765032,81,10.0.2.129,10.0.2.1,0,0,,,,0,
1765975919.5638251,42,,,0,0,,,,0,
1765975919.5677252,60,,,0,0,,,,0,
1765975922.5969088,60,,,0,0,,,,0,
1765975922.596909,60,,,0,0,,,,0,
1765975922.5972552,342,10.0.2.128,10.0.2.254,0,0,,,,0,
1765975922.5972552,342,10.0.2.254,10.0.2.128,0,0,,,,0,
1765975924.3827202,81,10.0.2.129,10.0.2.1,0,0,,,,0,
1765975924.3828557,81,10.0.2.129,10.0.2.1,0,0,,,,0,
1765975929.3886063,93,10.0.2.129,10.0.2.1,0,0,,,,0,
1765975929.388652,93,10.0.2.129,10.0.2.1,0,0,,,,0,
1765975934.3944314,93,10.0.2.129,10.0.2.1,0,0,,,,0,
1765975934.3946037,93,10.0.2.129,10.0.2.1,0,0,,,,0,
1765975939.3999,81,10.0.2.129,10.0.2.1,0,0,,,,0,
1765975939.4000678,81,10.0.2.129,10.0.2.1,0,0,,,,0,
1765975944.4058814,81,10.0.2.129,10.0.2.1,0,0,,,,0,
1765975944.405948,81,10.0.2.129,10.0.2.1,0,0,,,,0,
1765975949.4121764,93,10.0.2.129,10.0.2.1,0,0,,,,0,
1765975949.412337,93,10.0.2.129,10.0.2.1,0,0,,,,0,
1765975954.4189892,93,10.0.2.129,10.0.2.1,0,0,,,,0,
1765975954.4191816,93,10.0.2.129,10.0.2.1,0,0,,,,0,
1765975959.4256768,81,10.0.2.129,10.0.2.1,0,0,,,,0,
1765975959.4257445,81,10.0.2.129,10.0.2.1,0,0,,,,0,
1765975964.431171,81,10.0.2.129,10.0.2.1,0,0,,,,0,
1765975964.4312236,81,10.0.2.129,10.0.2.1,0,0,,,,0,
1765975969.4370449,93,10.0.2.129,10.0.2.1,0,0,,,,0,
1765975969.4370964,93,10.0.2.129,10.0.2.1,0,0,,,,0,
1765975969.4841492,42,,,0,0,,,,0,
1765975969.4843278,60,,,0,0,,,,0,
1765975974.442758,93,10.0.2.129,10.0.2.1,0,0,,,,0,
1765975974.4428034,93,10.0.2.129,10.0.2.1,0,0,,,,0,
1765975979.4488404,81,10.0.2.129,10.0.2.1,0,0,,,,0,
1765975979.4489036,81,10.0.2.129,10.0.2.1,0,0,,,,0,
1765975984.455131,81,10.0.2.129,10.0.2.1,0,0,,,,0,
1765975984.4551747,81,10.0.2.129,10.0.2.1,0,0,,,,0,
1765975989.461323,93,10.0.2.129,10.0.2.1,0,0,,,,0,
1765975989.4613786,93,10.0.2.129,10.0.2.1,0,0,,,,0,
1765975994.4419246,74,10.0.2.129,10.0.2.128,54170,21,PA,TYPE,A,0,
1765975994.4423993,96,10.0.2.128,10.0.2.129,21,54170,PA,,,200,Switching to ASCII mode.
1765975994.4424107,66,10.0.2.129,10.0.2.128,54170,21,A,,,0,
1765975994.4426024,72,10.0.2.129,10.0.2.128,54170,21,PA,,,0,
1765975994.443044,115,10.0.2.128,10.0.2.129,21,54170,PA,,,229,Entering Extended Passive Mode (|||36450|).
1765975994.443241,74,10.0.2.129,10.0.2.128,54528,36450,S,,,0,
1765975994.4435573,74,10.0.2.128,10.0.2.129,36450,54528,SA,,,0,
1765975994.4435837,66,10.0.2.129,10.0.2.128,54528,36450,A,,,0,
1765975994.443704,72,10.0.2.129,10.0.2.128,54170,21,PA,LIST,,0,
1765975994.4440193,105,10.0.2.128,10.0.2.129,21,54170,PA,,,150,Here comes the directory listing.
1765975994.4440196,66,10.0.2.128,10.0.2.129,36450,54528,FA,,,0,
1765975994.4441953,66,10.0.2.129,10.0.2.128,54528,36450,FA,,,0,
1765975994.4445212,66,10.0.2.128,10.0.2.129,36450,54528,A,,,0,
1765975994.4445212,90,10.0.2.128,10.0.2.129,21,54170,PA,,,226,Directory send OK.
1765975994.4446244,66,10.0.2.129,10.0.2.128,54170,21,A,,,0,
1765975994.4669409,93,10.0.2.129,10.0.2.1,0,0,,,,0,
1765975994.4669795,93,10.0.2.129,10.0.2.1,0,0,,,,0,
1765975999.4733088,81,10.0.2.129,10.0.2.1,0,0,,,,0,
1765975999.4733636,81,10.0.2.129,10.0.2.1,0,0,,,,0,
1765975999.691801,42,,,0,0,,,,0,
1765975999.693238,60,,,0,0,,,,0,
1765976001.9942636,77,10.0.2.129,10.0.2.128,54170,21,PA,MKD,qsdsf,0,
1765976001.9948401,98,10.0.2.128,10.0.2.129,21,54170,PA,,,257,"""/tmp/qwert/qsdsf"" created"
1765976002.0390687,66,10.0.2.129,10.0.2.128,54170,21,A,,,0,
1765976002.2323754,286,10.0.2.128,10.0.2.255,0,0,,,,0,
1765976002.2323756,257,10.0.2.128,10.0.2.255,0,0,,,,0,
1765976004.023385,72,10.0.2.129,10.0.2.128,54170,21,PA,,,0,
1765976004.0238428,114,10.0.2.128,10.0.2.129,21,54170,PA,,,229,Entering Extended Passive Mode (|||6260|).
1765976004.0238538,66,10.0.2.129,10.0.2.128,54170,21,A,,,0,
1765976004.0240083,74,10.0.2.129,10.0.2.128,39246,6260,S,,,0,
1765976004.0243967,74,10.0.2.128,10.0.2.129,6260,39246,SA,,,0,
1765976004.0244212,66,10.0.2.129,10.0.2.128,39246,6260,A,,,0,
1765976004.0244718,72,10.0.2.129,10.0.2.128,54170,21,PA,LIST,,0,
1765976004.0248458,105,10.0.2.128,10.0.2.129,21,54170,PA,,,150,Here comes the directory listing.
1765976004.024846,129,10.0.2.128,10.0.2.129,6260,39246,PA,,,0,
1765976004.024872,66,10.0.2.129,10.0.2.128,39246,6260,A,,,0,
1765976004.0249603,66,10.0.2.128,10.0.2.129,6260,39246,FA,,,0,
1765976004.0249891,66,10.0.2.129,10.0.2.128,39246,6260,FA,,,0,
1765976004.0252984,66,10.0.2.128,10.0.2.129,6260,39246,A,,,0,
1765976004.0252986,90,10.0.2.128,10.0.2.129,21,54170,PA,,,226,Directory send OK.
1765976004.0253608,66,10.0.2.129,10.0.2.128,54170,21,A,,,0,
1765976004.4793856,81,10.0.2.129,10.0.2.1,0,0,,,,0,
1765976004.47943,81,10.0.2.129,10.0.2.1,0,0,,,,0,
1765976006.4687214,212,10.0.2.1,239.255.255.250,0,0,,,,0,
1765976007.4752038,212,10.0.2.1,239.255.255.250,0,0,,,,0,
1765976008.483405,212,10.0.2.1,239.255.255.250,0,0,,,,0,
1765976009.485297,93,10.0.2.129,10.0.2.1,0,0,,,,0,
1765976009.4853358,93,10.0.2.129,10.0.2.1,0,0,,,,0,
1765976009.4882326,212,10.0.2.1,239.255.255.250,0,0,,,,0,
1765976012.6633873,77,10.0.2.129,10.0.2.128,54170,21,PA,RMD,qsdsf,0,
1765976012.663858,110,10.0.2.128,10.0.2.129,21,54170,PA,,,250,Remove directory operation successful.
1765976012.7078438,66,10.0.2.129,10.0.2.128,54170,21,A,,,0,
1765976014.4909093,93,10.0.2.129,10.0.2.1,0,0,,,,0,
1765976014.490955,93,10.0.2.129,10.0.2.1,0,0,,,,0,
1765976019.4974902,81,10.0.2.129,10.0.2.1,0,0,,,,0,
1765976019.497549,81,10.0.2.129,10.0.2.1,0,0,,,,0,
1765976019.6590881,42,,,0,0,,,,0,
1765976019.6593604,60,,,0,0,,,,0,
1765976024.5032125,81,10.0.2.129,10.0.2.1,0,0,,,,0,
1765976024.50326,81,10.0.2.129,10.0.2.1,0,0,,,,0,
1765976029.508886,93,10.0.2.129,10.0.2.1,0,0,,,,0,
1765976029.508928,93,10.0.2.129,10.0.2.1,0,0,,,,0,
1765976034.5152354,93,10.0.2.129,10.0.2.1,0,0,,,,0,
1765976034.5154552,93,10.0.2.129,10.0.2.1,0,0,,,,0,
1765976039.5221276,81,10.0.2.129,10.0.2.1,0,0,,,,0,
1765976039.522186,81,10.0.2.129,10.0.2.1,0,0,,,,0,
1765976044.5279846,81,10.0.2.129,10.0.2.1,0,0,,,,0,
1765976044.5280282,81,10.0.2.129,10.0.2.1,0,0,,,,0,
1765976049.5340705,93,10.0.2.129,10.0.2.1,0,0,,,,0,
1765976049.534121,93,10.0.2.129,10.0.2.1,0,0,,,,0,
1765976054.5398974,93,10.0.2.129,10.0.2.1,0,0,,,,0,
1765976054.5399392,93,10.0.2.129,10.0.2.1,0,0,,,,0,
1765976059.5460188,81,10.0.2.129,10.0.2.1,0,0,,,,0,
1765976059.546067,81,10.0.2.129,10.0.2.1,0,0,,,,0,
1765976064.5515592,81,10.0.2.129,10.0.2.1,0,0,,,,0,
1765976064.5516014,81,10.0.2.129,10.0.2.1,0,0,,,,0,
1765976069.0034106,74,10.0.2.129,10.0.2.128,54170,21,PA,TYPE,I,0,
1765976069.0041354,97,10.0.2.128,10.0.2.129,21,54170,PA,,,200,Switching to Binary mode.
1765976069.004153,66,10.0.2.129,10.0.2.128,54170,21,A,,,0,
1765976069.5572813,93,10.0.2.129,10.0.2.1,0,0,,,,0,
1765976069.5573378,93,10.0.2.129,10.0.2.1,0,0,,,,0,
1765976069.5790267,42,,,0,0,,,,0,
1765976069.5791748,60,,,0,0,,,,0,
1765976074.1876013,42,,,0,0,,,,0,
1765976074.1886203,60,,,0,0,,,,0,
1765976074.5629714,93,10.0.2.129,10.0.2.1,0,0,,,,0,
1765976074.56301,93,10.0.2.129,10.0.2.1,0,0,,,,0,
1765976079.5688014,81,10.0.2.129,10.0.2.1,0,0,,,,0,
1765976079.568853,81,10.0.2.129,10.0.2.1,0,0,,,,0,
1765976081.2830675,79,10.0.2.129,10.0.2.128,54170,21,PA,,,0,
1765976081.283521,96,10.0.2.128,10.0.2.129,21,54170,PA,,,550,Could not get file size.
1765976081.2835329,66,10.0.2.129,10.0.2.128,54170,21,A,,,0,
1765976081.2837195,72,10.0.2.129,10.0.2.128,54170,21,PA,,,0,
1765976081.2841694,115,10.0.2.128,10.0.2.129,21,54170,PA,,,229,Entering Extended Passive Mode (|||28307|).
1765976081.2843592,74,10.0.2.129,10.0.2.128,52128,28307,S,,,0,
1765976081.284748,74,10.0.2.128,10.0.2.129,28307,52128,SA,,,0,
1765976081.2847733,66,10.0.2.129,10.0.2.128,52128,28307,A,,,0,
1765976081.2848756,79,10.0.2.129,10.0.2.128,54170,21,PA,RETR,sf.txt,0,
1765976081.2852433,92,10.0.2.128,10.0.2.129,21,54170,PA,,,550,Failed to open file.
1765976081.2854037,66,10.0.2.129,10.0.2.128,52128,28307,FA,,,0,
1765976081.2880592,66,10.0.2.128,10.0.2.129,28307,52128,A,,,0,
1765976081.327073,66,10.0.2.129,10.0.2.128,54170,21,A,,,0,
1765976084.5750544,81,10.0.2.129,10.0.2.1,0,0,,,,0,
1765976084.575094,81,10.0.2.129,10.0.2.1,0,0,,,,0,
1765976089.5814042,93,10.0.2.129,10.0.2.1,0,0,,,,0,
1765976089.5815818,93,10.0.2.129,10.0.2.1,0,0,,,,0,
1765976089.7210927,72,10.0.2.129,10.0.2.128,54170,21,PA,QUIT,,0,
1765976089.7216048,80,10.0.2.128,10.0.2.129,21,54170,PA,,,221,Goodbye.
1765976089.721605,66,10.0.2.128,10.0.2.129,21,54170,FA,,,0,
1765976089.7216172,66,10.0.2.129,10.0.2.128,54170,21,A,,,0,
1765976089.7217317,66,10.0.2.128,10.0.2.129,28307,52128,RA,,,0,
1765976089.721788,66,10.0.2.129,10.0.2.128,54170,21,FA,,,0,
1765976089.7220716,66,10.0.2.128,10.0.2.129,21,54170,A,,,0,
1765976094.4501615,74,10.0.2.129,10.0.2.128,43724,21,S,,,0,
1765976094.4505484,74,10.0.2.128,10.0.2.129,21,43724,SA,,,0,
1765976094.4505672,66,10.0.2.129,10.0.2.128,43724,21,A,,,0,
1765976094.4522605,86,10.0.2.128,10.0.2.129,21,43724,PA,,,220,(vsFTPd 2.3.4)
1765976094.4522743,66,10.0.2.129,10.0.2.128,43724,21,A,,,0,
1765976094.5871356,93,10.0.2.129,10.0.2.1,0,0,,,,0,
1765976094.5871782,93,10.0.2.129,10.0.2.1,0,0,,,,0,
1765976099.5923507,81,10.0.2.129,10.0.2.1,0,0,,,,0,
1765976099.5923944,81,10.0.2.129,10.0.2.1,0,0,,,,0,
1765976104.597635,81,10.0.2.129,10.0.2.1,0,0,,,,0,
1765976104.597678,81,10.0.2.129,10.0.2.1,0,0,,,,0,
1765976109.6030588,93,10.0.2.129,10.0.2.1,0,0,,,,0,
1765976109.6031113,93,10.0.2.129,10.0.2.1,0,0,,,,0,
1765976114.6086586,93,10.0.2.129,10.0.2.1,0,0,,,,0,
1765976114.6087003,93,10.0.2.129,10.0.2.1,0,0,,,,0,
1765976119.6146362,81,10.0.2.129,10.0.2.1,0,0,,,,0,
1765976119.6146944,81,10.0.2.129,10.0.2.1,0,0,,,,0,
1765976119.7550552,42,,,0,0,,,,0,
1765976119.755319,60,,,0,0,,,,0,
1765976124.6201806,81,10.0.2.129,10.0.2.1,0,0,,,,0,
1765976124.6202316,81,10.0.2.129,10.0.2.1,0,0,,,,0,
1765976126.483755,212,10.0.2.1,239.255.255.250,0,0,,,,0,
1765976127.4866173,212,10.0.2.1,239.255.255.250,0,0,,,,0,
1765976128.4973826,212,10.0.2.1,239.255.255.250,0,0,,,,0,
1765976129.5071146,212,10.0.2.1,239.255.255.250,0,0,,,,0,
1765976129.626553,93,10.0.2.129,10.0.2.1,0,0,,,,0,
1765976129.6266024,93,10.0.2.129,10.0.2.1,0,0,,,,0,
1765976134.6321433,93,10.0.2.129,10.0.2.1,0,0,,,,0,
1765976134.6321845,93,10.0.2.129,10.0.2.1,0,0,,,,0,
1765976139.6385763,81,10.0.2.129,10.0.2.1,0,0,,,,0,
1765976139.6386185,81,10.0.2.129,10.0.2.1,0,0,,,,0,
1765976144.6445856,81,10.0.2.129,10.0.2.1,0,0,,,,0,
1765976144.6446433,81,10.0.2.129,10.0.2.1,0,0,,,,0,
1765976149.6505206,93,10.0.2.129,10.0.2.1,0,0,,,,0,
1765976149.6505625,93,10.0.2.129,10.0.2.1,0,0,,,,0,
1765976154.6559322,93,10.0.2.129,10.0.2.1,0,0,,,,0,
1765976154.6559725,93,10.0.2.129,10.0.2.1,0,0,,,,0,
1765976159.6626306,81,10.0.2.129,10.0.2.1,0,0,,,,0,
1765976159.6626863,81,10.0.2.129,10.0.2.1,0,0,,,,0,
1765976164.6688662,81,10.0.2.129,10.0.2.1,0,0,,,,0,
1765976164.668925,81,10.0.2.129,10.0.2.1,0,0,,,,0,
1765976169.6751804,93,10.0.2.129,10.0.2.1,0,0,,,,0,
1765976169.675229,93,10.0.2.129,10.0.2.1,0,0,,,,0,
1765976169.6792226,42,,,0,0,,,,0,
1765976169.679429,60,,,0,0,,,,0,
1765976174.6807005,93,10.0.2.129,10.0.2.1,0,0,,,,0,
1765976174.6807451,93,10.0.2.129,10.0.2.1,0,0,,,,0,
1765976179.6864548,81,10.0.2.129,10.0.2.1,0,0,,,,0,
1765976179.6865153,81,10.0.2.129,10.0.2.1,0,0,,,,0,
1765976184.69185,81,10.0.2.129,10.0.2.1,0,0,,,,0,
1765976184.6919124,81,10.0.2.129,10.0.2.1,0,0,,,,0,
1765976189.693752,93,10.0.2.129,10.0.2.1,0,0,,,,0,
1765976189.6937995,93,10.0.2.129,10.0.2.1,0,0,,,,0,
1765976194.699306,93,10.0.2.129,10.0.2.1,0,0,,,,0,
1765976194.6993513,93,10.0.2.129,10.0.2.1,0,0,,,,0,
1765976199.704952,81,10.0.2.129,10.0.2.1,0,0,,,,0,
1765976199.7049935,81,10.0.2.129,10.0.2.1,0,0,,,,0,
1765976204.7107768,81,10.0.2.129,10.0.2.1,0,0,,,,0,
1765976204.7109065,81,10.0.2.129,10.0.2.1,0,0,,,,0,
1765976204.7472491,42,,,0,0,,,,0,
1765976204.7477934,60,,,0,0,,,,0,
1765976209.7161996,93,10.0.2.129,10.0.2.1,0,0,,,,0,
1765976209.7162445,93,10.0.2.129,10.0.2.1,0,0,,,,0,
1765976214.7224503,93,10.0.2.129,10.0.2.1,0,0,,,,0,
1765976214.7226174,93,10.0.2.129,10.0.2.1,0,0,,,,0,
1765976219.7284467,81,10.0.2.129,10.0.2.1,0,0,,,,0,
1765976219.7285142,81,10.0.2.129,10.0.2.1,0,0,,,,0,
1765976224.7341075,81,10.0.2.129,10.0.2.1,0,0,,,,0,
1765976224.7341735,81,10.0.2.129,10.0.2.1,0,0,,,,0,
1765976229.7396224,93,10.0.2.129,10.0.2.1,0,0,,,,0,
1765976229.7396681,93,10.0.2.129,10.0.2.1,0,0,,,,0,
1765976234.743304,93,10.0.2.129,10.0.2.1,0,0,,,,0,
1765976234.7433522,93,10.0.2.129,10.0.2.1,0,0,,,,0,
1765976239.7479842,81,10.0.2.129,10.0.2.1,0,0,,,,0,
1765976239.7480273,81,10.0.2.129,10.0.2.1,0,0,,,,0,
1765976239.8190835,42,,,0,0,,,,0,
1765976239.8195772,60,,,0,0,,,,0,
1765976244.7513375,81,10.0.2.129,10.0.2.1,0,0,,,,0,
1765976244.7513795,81,10.0.2.129,10.0.2.1,0,0,,,,0,
1765976246.4879818,212,10.0.2.1,239.255.255.250,0,0,,,,0,
1765976247.4896014,212,10.0.2.1,239.255.255.250,0,0,,,,0,
1765976248.5007389,212,10.0.2.1,239.255.255.250,0,0,,,,0,
1765976249.5026414,212,10.0.2.1,239.255.255.250,0,0,,,,0,
1765976249.7555382,93,10.0.2.129,10.0.2.1,0,0,,,,0,
1765976249.7555857,93,10.0.2.129,10.0.2.1,0,0,,,,0,
1765976254.7594995,93,10.0.2.129,10.0.2.1,0,0,,,,0,
1765976254.7595832,93,10.0.2.129,10.0.2.1,0,0,,,,0,
1765976257.523564,78,10.0.2.129,10.0.2.128,43724,21,PA,USER,pjgdg,0,
1765976257.5240204,66,10.0.2.128,10.0.2.129,21,43724,A,,,0,
1765976257.5240207,100,10.0.2.128,10.0.2.129,21,43724,PA,,,331,Please specify the password.
1765976257.5240393,66,10.0.2.129,10.0.2.128,43724,21,A,,,0,
1765976259.0109258,81,10.0.2.129,10.0.2.128,43724,21,PA,PASS,kdsjfndg,0,
1765976259.05118,66,10.0.2.128,10.0.2.129,21,43724,A,,,0,
1765976259.7633352,81,10.0.2.129,10.0.2.1,0,0,,,,0,
1765976259.7633774,81,10.0.2.129,10.0.2.1,0,0,,,,0,
1765976261.655375,88,10.0.2.128,10.0.2.129,21,43724,PA,,,530,Login incorrect.
1765976261.6554596,66,10.0.2.129,10.0.2.128,43724,21,A,,,0,
1765976264.7669995,81,10.0.2.129,10.0.2.1,0,0,,,,0,
1765976264.767039,81,10.0.2.129,10.0.2.1,0,0,,,,0,
1765976265.251336,79,10.0.2.129,10.0.2.128,43724,21,PA,USER,sfasfs,0,
1765976265.251808,66,10.0.2.128,10.0.2.129,21,43724,A,,,0,
1765976265.2518082,100,10.0.2.128,10.0.2.129,21,43724,PA,,,331,Please specify the password.
1765976265.2518291,66,10.0.2.129,10.0.2.128,43724,21,A,,,0,
1765976266.6650655,80,10.0.2.129,10.0.2.128,43724,21,PA,PASS,dkfnlfa,0,
1765976266.701781,66,10.0.2.128,10.0.2.129,21,43724,A,,,0,
1765976269.4068818,88,10.0.2.128,10.0.2.129,21,43724,PA,,,530,Login incorrect.
1765976269.4070082,66,10.0.2.129,10.0.2.128,43724,21,A,,,0,
1765976269.7673676,93,10.0.2.129,10.0.2.1,0,0,,,,0,
1765976269.7674084,93,10.0.2.129,10.0.2.1,0,0,,,,0,
1765976272.4068115,77,10.0.2.129,10.0.2.128,43724,21,PA,USER,dflf,0,
1765976272.4074032,66,10.0.2.128,10.0.2.129,21,43724,A,,,0,
1765976272.4074037,100,10.0.2.128,10.0.2.129,21,43724,PA,,,331,Please specify the password.
1765976272.4074318,66,10.0.2.129,10.0.2.128,43724,21,A,,,0,
1765976274.773205,93,10.0.2.129,10.0.2.1,0,0,,,,0,
1765976274.7732868,93,10.0.2.129,10.0.2.1,0,0,,,,0,
1765976274.8910837,42,,,0,0,,,,0,
1765976274.8912961,60,,,0,0,,,,0,
1765976278.6890948,79,10.0.2.129,10.0.2.128,43724,21,PA,PASS,lknfds,0,
1765976278.7225394,66,10.0.2.128,10.0.2.129,21,43724,A,,,0,
1765976279.7799392,81,10.0.2.129,10.0.2.1,0,0,,,,0,
1765976279.7799792,81,10.0.2.129,10.0.2.1,0,0,,,,0,
1765976281.4053233,88,10.0.2.128,10.0.2.129,21,43724,PA,,,530,Login incorrect.
1765976281.405361,66,10.0.2.129,10.0.2.128,43724,21,A,,,0,
1765976281.4055083,66,10.0.2.128,10.0.2.129,21,43724,FA,,,0,
1765976281.4472687,66,10.0.2.129,10.0.2.128,43724,21,A,,,0,
1765976284.7854242,81,10.0.2.129,10.0.2.1,0,0,,,,0,
1765976284.7854652,81,10.0.2.129,10.0.2.1,0,0,,,,0,
1765976289.3707685,78,10.0.2.129,10.0.2.128,43724,21,PA,USER,alksn,0,
1765976289.3709419,66,10.0.2.129,10.0.2.128,43724,21,FA,,,0,
1765976289.3713205,60,10.0.2.128,10.0.2.129,21,43724,R,,,0,
1765976289.371451,60,10.0.2.128,10.0.2.129,21,43724,R,,,0,
1765976289.7908533,93,10.0.2.129,10.0.2.1,0,0,,,,0,
1765976289.7909074,93,10.0.2.129,10.0.2.1,0,0,,,,0,
1765976294.7951648,93,10.0.2.129,10.0.2.1,0,0,,,,0,
1765976294.7952385,93,10.0.2.129,10.0.2.1,0,0,,,,0,
1765976299.7445607,74,10.0.2.129,10.0.2.128,41552,21,S,,,0,
1765976299.745005,74,10.0.2.128,10.0.2.129,21,41552,SA,,,0,
1765976299.7450356,66,10.0.2.129,10.0.2.128,41552,21,A,,,0,
1765976299.7468586,86,10.0.2.128,10.0.2.129,21,41552,PA,,,220,(vsFTPd 2.3.4)
1765976299.746882,66,10.0.2.129,10.0.2.128,41552,21,A,,,0,
1765976299.8009038,81,10.0.2.129,10.0.2.1,0,0,,,,0,
1765976299.8009543,81,10.0.2.129,10.0.2.1,0,0,,,,0,
1765976304.806495,81,10.0.2.129,10.0.2.1,0,0,,,,0,
1765976304.80654,81,10.0.2.129,10.0.2.1,0,0,,,,0,
1765976309.8121922,93,10.0.2.129,10.0.2.1,0,0,,,,0,
1765976309.8122373,93,10.0.2.129,10.0.2.1,0,0,,,,0,
1765976309.96343,42,,,0,0,,,,0,
1765976309.9637682,60,,,0,0,,,,0,
1765976310.2405248,77,10.0.2.129,10.0.2.128,41552,21,PA,USER,sasf,0,
1765976310.2411363,66,10.0.2.128,10.0.2.129,21,41552,A,,,0,
1765976310.2411366,100,10.0.2.128,10.0.2.129,21,41552,PA,,,331,Please specify the password.
1765976310.2411802,66,10.0.2.129,10.0.2.128,41552,21,A,,,0,
1765976313.014012,81,10.0.2.129,10.0.2.128,41552,21,PA,PASS,jikkljfk,0,
1765976313.0549448,66,10.0.2.128,10.0.2.129,21,41552,A,,,0,
1765976314.8183267,93,10.0.2.129,10.0.2.1,0,0,,,,0,
1765976314.8183815,93,10.0.2.129,10.0.2.1,0,0,,,,0,
1765976315.739726,88,10.0.2.128,10.0.2.129,21,41552,PA,,,530,Login incorrect.
1765976315.7398465,66,10.0.2.129,10.0.2.128,41552,21,A,,,0,
1765976319.824298,81,10.0.2.129,10.0.2.1,0,0,,,,0,
1765976319.8243399,81,10.0.2.129,10.0.2.1,0,0,,,,0,
1765976320.8566856,81,10.0.2.129,10.0.2.128,41552,21,PA,USER,msfadmin,0,
1765976320.8570888,66,10.0.2.128,10.0.2.129,21,41552,A,,,0,
1765976320.8570893,100,10.0.2.128,10.0.2.129,21,41552,PA,,,331,Please specify the password.
1765976320.8571224,66,10.0.2.129,10.0.2.128,41552,21,A,,,0,
1765976324.8297727,81,10.0.2.129,10.0.2.1,0,0,,,,0,
1765976324.829821,81,10.0.2.129,10.0.2.1,0,0,,,,0,
1765976326.7336779,81,10.0.2.129,10.0.2.128,41552,21,PA,PASS,msfadmin,0,
1765976326.7364452,89,10.0.2.128,10.0.2.129,21,41552,PA,,,230,Login successful.
1765976326.7364612,66,10.0.2.129,10.0.2.128,41552,21,A,,,0,
1765976326.7367527,72,10.0.2.129,10.0.2.128,41552,21,PA,SYST,,0,
1765976326.7373264,85,10.0.2.128,10.0.2.129,21,41552,PA,,,215,UNIX Type: L8
1765976326.7374647,72,10.0.2.129,10.0.2.128,41552,21,PA,,,0,
1765976326.7380815,81,10.0.2.128,10.0.2.129,21,41552,PA,,,0,
1765976326.7380817,73,10.0.2.128,10.0.2.129,21,41552,PA,,,0,
1765976326.7381535,66,10.0.2.129,10.0.2.128,41552,21,A,,,0,
1765976326.7383184,73,10.0.2.128,10.0.2.129,21,41552,PA,,,0,
1765976326.7385328,124,10.0.2.128,10.0.2.129,21,41552,PA,,,0,
1765976326.7386084,66,10.0.2.129,10.0.2.128,41552,21,A,,,0,
1765976329.8359423,93,10.0.2.129,10.0.2.1,0,0,,,,0,
1765976329.8359928,93,10.0.2.129,10.0.2.1,0,0,,,,0,
1765976330.7989764,72,10.0.2.129,10.0.2.128,41552,21,PA,,,0,
1765976330.7995062,114,10.0.2.128,10.0.2.129,21,41552,PA,,,229,Entering Extended Passive Mode (|||9071|).
1765976330.799659,74,10.0.2.129,10.0.2.128,38548,9071,S,,,0,
1765976330.800065,74,10.0.2.128,10.0.2.129,9071,38548,SA,,,0,
1765976330.800091,66,10.0.2.129,10.0.2.128,38548,9071,A,,,0,
1765976330.8002052,72,10.0.2.129,10.0.2.128,41552,21,PA,LIST,,0,
1765976330.8006346,105,10.0.2.128,10.0.2.129,21,41552,PA,,,150,Here comes the directory listing.
1765976330.8006349,325,10.0.2.128,10.0.2.129,9071,38548,PA,,,0,
1765976330.8006477,66,10.0.2.129,10.0.2.128,38548,9071,A,,,0,
1765976330.8007405,90,10.0.2.128,10.0.2.129,21,41552,PA,,,226,Directory send OK.
1765976330.800778,66,10.0.2.129,10.0.2.128,41552,21,A,,,0,
1765976330.8009014,66,10.0.2.128,10.0.2.129,9071,38548,FA,,,0,
1765976330.800999,66,10.0.2.129,10.0.2.128,38548,9071,FA,,,0,
1765976330.8013184,66,10.0.2.128,10.0.2.129,9071,38548,A,,,0,
1765976334.841794,93,10.0.2.129,10.0.2.1,0,0,,,,0,
1765976334.8418577,93,10.0.2.129,10.0.2.1,0,0,,,,0,
1765976334.8748662,75,10.0.2.129,10.0.2.128,41552,21,PA,CWD,../,0,
1765976334.8753202,103,10.0.2.128,10.0.2.129,21,41552,PA,,,250,Directory successfully changed.
1765976334.9227896,66,10.0.2.129,10.0.2.128,41552,21,A,,,0,
1765976339.8476357,81,10.0.2.129,10.0.2.1,0,0,,,,0,
1765976339.8476925,81,10.0.2.129,10.0.2.1,0,0,,,,0,
1765976341.0635667,76,10.0.2.129,10.0.2.128,41552,21,PA,MKD,pppp,0,
1765976341.064073,106,10.0.2.128,10.0.2.129,21,41552,PA,,,550,Create directory operation failed.
1765976341.0640845,66,10.0.2.129,10.0.2.128,41552,21,A,,,0,
1765976342.952099,72,10.0.2.129,10.0.2.128,41552,21,PA,,,0,
1765976342.9526029,115,10.0.2.128,10.0.2.129,21,41552,PA,,,229,Entering Extended Passive Mode (|||15713|).
1765976342.9526134,66,10.0.2.129,10.0.2.128,41552,21,A,,,0,
1765976342.9528215,74,10.0.2.129,10.0.2.128,37026,15713,S,,,0,
1765976342.9532056,74,10.0.2.128,10.0.2.129,15713,37026,SA,,,0,
1765976342.9532187,66,10.0.2.129,10.0.2.128,37026,15713,A,,,0,
1765976342.953283,72,10.0.2.129,10.0.2.128,41552,21,PA,LIST,,0,
1765976342.9536963,105,10.0.2.128,10.0.2.129,21,41552,PA,,,150,Here comes the directory listing.
1765976342.9536965,320,10.0.2.128,10.0.2.129,15713,37026,PA,,,0,
1765976342.953724,66,10.0.2.129,10.0.2.128,37026,15713,A,,,0,
1765976342.9538147,90,10.0.2.128,10.0.2.129,21,41552,PA,,,226,Directory send OK.
1765976342.9538958,66,10.0.2.128,10.0.2.129,15713,37026,FA,,,0,
1765976342.9539354,66,10.0.2.129,10.0.2.128,37026,15713,FA,,,0,
1765976342.9539766,66,10.0.2.129,10.0.2.128,41552,21,A,,,0,
1765976342.9542305,66,10.0.2.128,10.0.2.129,15713,37026,A,,,0,
1765976344.853116,81,10.0.2.129,10.0.2.1,0,0,,,,0,
1765976344.853156,81,10.0.2.129,10.0.2.1,0,0,,,,0,
1765976345.036079,42,,,0,0,,,,0,
1765976345.0367544,60,,,0,0,,,,0,
1765976349.859838,93,10.0.2.129,10.0.2.1,0,0,,,,0,
1765976349.8600066,93,10.0.2.129,10.0.2.1,0,0,,,,0,
1765976349.9915767,76,10.0.2.129,10.0.2.128,41552,21,PA,MKD,qqpp,0,
1765976349.9920335,106,10.0.2.128,10.0.2.129,21,41552,PA,,,550,Create directory operation failed.
1765976350.039677,66,10.0.2.129,10.0.2.128,41552,21,A,,,0,
1765976351.2665806,72,10.0.2.129,10.0.2.128,41552,21,PA,,,0,
1765976351.267137,115,10.0.2.128,10.0.2.129,21,41552,PA,,,229,Entering Extended Passive Mode (|||45389|).
1765976351.2671528,66,10.0.2.129,10.0.2.128,41552,21,A,,,0,
1765976351.2674413,74,10.0.2.129,10.0.2.128,35738,45389,S,,,0,
1765976351.2677796,74,10.0.2.128,10.0.2.129,45389,35738,SA,,,0,
1765976351.2678106,66,10.0.2.129,10.0.2.128,35738,45389,A,,,0,
1765976351.2679176,72,10.0.2.129,10.0.2.128,41552,21,PA,LIST,,0,
1765976351.2683403,105,10.0.2.128,10.0.2.129,21,41552,PA,,,150,Here comes the directory listing.
1765976351.2683406,320,10.0.2.128,10.0.2.129,45389,35738,PA,,,0,
1765976351.2683706,66,10.0.2.129,10.0.2.128,35738,45389,A,,,0,
1765976351.2684772,66,10.0.2.128,10.0.2.129,45389,35738,FA,,,0,
1765976351.268545,66,10.0.2.129,10.0.2.128,35738,45389,FA,,,0,
1765976351.2688687,66,10.0.2.128,10.0.2.129,45389,35738,A,,,0,
1765976351.268965,90,10.0.2.128,10.0.2.129,21,41552,PA,,,226,Directory send OK.
1765976351.269064,66,10.0.2.129,10.0.2.128,41552,21,A,,,0,
1765976354.8655815,93,10.0.2.129,10.0.2.1,0,0,,,,0,
1765976354.8656993,93,10.0.2.129,10.0.2.1,0,0,,,,0,
1765976358.7563877,75,10.0.2.129,10.0.2.128,41552,21,PA,CWD,../,0,
1765976358.7570667,103,10.0.2.128,10.0.2.129,21,41552,PA,,,250,Directory successfully changed.
1765976358.7991357,66,10.0.2.129,10.0.2.128,41552,21,A,,,0,
1765976359.8715973,81,10.0.2.129,10.0.2.1,0,0,,,,0,
1765976359.8716745,81,10.0.2.129,10.0.2.1,0,0,,,,0,
1765976360.280805,72,10.0.2.129,10.0.2.128,41552,21,PA,,,0,
1765976360.2814615,115,10.0.2.128,10.0.2.129,21,41552,PA,,,229,Entering Extended Passive Mode (|||60194|).
1765976360.281477,66,10.0.2.129,10.0.2.128,41552,21,A,,,0,
1765976360.2817996,74,10.0.2.129,10.0.2.128,38712,60194,S,,,0,
1765976360.2823822,74,10.0.2.128,10.0.2.129,60194,38712,SA,,,0,
1765976360.2824244,66,10.0.2.129,10.0.2.128,38712,60194,A,,,0,
1765976360.2825613,72,10.0.2.129,10.0.2.128,41552,21,PA,LIST,,0,
1765976360.283126,105,10.0.2.128,10.0.2.129,21,41552,PA,,,150,Here comes the directory listing.
1765976360.2835906,1589,10.0.2.128,10.0.2.129,60194,38712,PA,,,0,
1765976360.2836297,66,10.0.2.129,10.0.2.128,38712,60194,A,,,0,
1765976360.2837834,66,10.0.2.128,10.0.2.129,60194,38712,FA,,,0,
1765976360.2838297,66,10.0.2.129,10.0.2.128,38712,60194,FA,,,0,
1765976360.2842586,66,10.0.2.128,10.0.2.129,60194,38712,A,,,0,
1765976360.2843976,90,10.0.2.128,10.0.2.129,21,41552,PA,,,226,Directory send OK.
1765976360.2845232,66,10.0.2.129,10.0.2.128,41552,21,A,,,0,
1765976364.8753254,81,10.0.2.129,10.0.2.1,0,0,,,,0,
1765976364.8753893,81,10.0.2.129,10.0.2.1,0,0,,,,0,
1765976366.500873,212,10.0.2.1,239.255.255.250,0,0,,,,0,
1765976367.5153022,212,10.0.2.1,239.255.255.250,0,0,,,,0,
1765976368.5261333,212,10.0.2.1,239.255.255.250,0,0,,,,0,
1765976369.5329125,212,10.0.2.1,239.255.255.250,0,0,,,,0,
1765976369.8813882,93,10.0.2.129,10.0.2.1,0,0,,,,0,
1765976369.8815308,93,10.0.2.129,10.0.2.1,0,0,,,,0,
1765976371.5209982,75,10.0.2.129,10.0.2.128,41552,21,PA,CWD,tmp,0,
1765976371.5217326,103,10.0.2.128,10.0.2.129,21,41552,PA,,,250,Directory successfully changed.
1765976371.563112,66,10.0.2.129,10.0.2.128,41552,21,A,,,0,
1765976372.9549086,72,10.0.2.129,10.0.2.128,41552,21,PA,,,0,
1765976372.9553237,115,10.0.2.128,10.0.2.129,21,41552,PA,,,229,Entering Extended Passive Mode (|||42597|).
1765976372.9553342,66,10.0.2.129,10.0.2.128,41552,21,A,,,0,
1765976372.955522,74,10.0.2.129,10.0.2.128,45020,42597,S,,,0,
1765976372.9557593,74,10.0.2.128,10.0.2.129,42597,45020,SA,,,0,
1765976372.9557722,66,10.0.2.129,10.0.2.128,45020,42597,A,,,0,
1765976372.95586,72,10.0.2.129,10.0.2.128,41552,21,PA,LIST,,0,
1765976372.95624,105,10.0.2.128,10.0.2.129,21,41552,PA,,,150,Here comes the directory listing.
1765976372.9563272,199,10.0.2.128,10.0.2.129,42597,45020,PA,,,0,
1765976372.9563274,66,10.0.2.128,10.0.2.129,42597,45020,FA,,,0,
1765976372.956335,66,10.0.2.129,10.0.2.128,45020,42597,A,,,0,
1765976372.9563937,66,10.0.2.129,10.0.2.128,45020,42597,FA,,,0,
1765976372.9565485,66,10.0.2.128,10.0.2.129,42597,45020,A,,,0,
1765976372.9567347,90,10.0.2.128,10.0.2.129,21,41552,PA,,,226,Directory send OK.
1765976372.9568322,66,10.0.2.129,10.0.2.128,41552,21,A,,,0,
1765976374.887909,93,10.0.2.129,10.0.2.1,0,0,,,,0,
1765976374.8879566,93,10.0.2.129,10.0.2.1,0,0,,,,0,
1765976379.8891742,81,10.0.2.129,10.0.2.1,0,0,,,,0,
1765976379.8892567,81,10.0.2.129,10.0.2.1,0,0,,,,0,
1765976379.9899473,87,10.0.2.129,10.0.2.128,41552,21,PA,MKD,qsdfroiuhjhhkjj,0,
1765976379.9904757,102,10.0.2.128,10.0.2.129,21,41552,PA,,,257,"""/tmp/qsdfroiuhjhhkjj"" created"
1765976380.0312374,66,10.0.2.129,10.0.2.128,41552,21,A,,,0,
1765976380.1076243,42,,,0,0,,,,0,
1765976380.107855,60,,,0,0,,,,0,
1765976381.3997555,72,10.0.2.129,10.0.2.128,41552,21,PA,,,0,
1765976381.4001853,115,10.0.2.128,10.0.2.129,21,41552,PA,,,229,Entering Extended Passive Mode (|||22415|).
1765976381.4001958,66,10.0.2.129,10.0.2.128,41552,21,A,,,0,
1765976381.40041,74,10.0.2.129,10.0.2.128,47628,22415,S,,,0,
1765976381.4006844,74,10.0.2.128,10.0.2.129,22415,47628,SA,,,0,
1765976381.4007106,66,10.0.2.129,10.0.2.128,47628,22415,A,,,0,
1765976381.4008286,72,10.0.2.129,10.0.2.128,41552,21,PA,LIST,,0,
1765976381.4012167,105,10.0.2.128,10.0.2.129,21,41552,PA,,,150,Here comes the directory listing.
1765976381.401217,272,10.0.2.128,10.0.2.129,22415,47628,PA,,,0,
1765976381.401217,66,10.0.2.128,10.0.2.129,22415,47628,FA,,,0,
1765976381.4012444,66,10.0.2.129,10.0.2.128,47628,22415,A,,,0,
1765976381.401436,66,10.0.2.129,10.0.2.128,47628,22415,FA,,,0,
1765976381.4017036,66,10.0.2.128,10.0.2.129,22415,47628,A,,,0,
1765976381.4017036,90,10.0.2.128,10.0.2.129,21,41552,PA,,,226,Directory send OK.
1765976381.4017372,66,10.0.2.129,10.0.2.128,41552,21,A,,,0,
1765976384.8908195,81,10.0.2.129,10.0.2.1,0,0,,,,0,
1765976384.890883,81,10.0.2.129,10.0.2.1,0,0,,,,0,
1765976386.5846088,72,10.0.2.129,10.0.2.128,41552,21,PA,,,0,
1765976386.5852156,115,10.0.2.128,10.0.2.129,21,41552,PA,,,229,Entering Extended Passive Mode (|||45485|).
1765976386.5853117,74,10.0.2.129,10.0.2.128,47586,45485,S,,,0,
1765976386.585664,74,10.0.2.128,10.0.2.129,45485,47586,SA,,,0,
1765976386.585679,66,10.0.2.129,10.0.2.128,47586,45485,A,,,0,
1765976386.5858018,72,10.0.2.129,10.0.2.128,41552,21,PA,,,0,
1765976386.5861778,105,10.0.2.128,10.0.2.129,21,41552,PA,,,150,Here comes the directory listing.
1765976386.5861778,104,10.0.2.128,10.0.2.129,45485,47586,PA,,,0,
1765976386.5861928,66,10.0.2.129,10.0.2.128,47586,45485,A,,,0,
1765976386.5863004,66,10.0.2.128,10.0.2.129,45485,47586,FA,,,0,
1765976386.586396,66,10.0.2.129,10.0.2.128,47586,45485,FA,,,0,
1765976386.5867352,66,10.0.2.128,10.0.2.129,45485,47586,A,,,0,
1765976386.5867352,90,10.0.2.128,10.0.2.129,21,41552,PA,,,226,Directory send OK.
1765976386.5868382,66,10.0.2.129,10.0.2.128,41552,21,A,,,0,
1765976387.0403726,87,10.0.2.129,10.0.2.128,41552,21,PA,CWD,qsdfroiuhjhhkjj,0,
1765976387.0410507,103,10.0.2.128,10.0.2.129,21,41552,PA,,,250,Directory successfully changed.
1765976387.083217,66,10.0.2.129,10.0.2.128,41552,21,A,,,0,
1765976389.896643,93,10.0.2.129,10.0.2.1,0,0,,,,0,
1765976389.8967285,93,10.0.2.129,10.0.2.1,0,0,,,,0,
1765976391.3419828,72,10.0.2.129,10.0.2.128,41552,21,PA,,,0,
1765976391.3427596,115,10.0.2.128,10.0.2.129,21,41552,PA,,,229,Entering Extended Passive Mode (|||19520|).
1765976391.3427744,66,10.0.2.129,10.0.2.128,41552,21,A,,,0,
1765976391.343103,74,10.0.2.129,10.0.2.128,55780,19520,S,,,0,
1765976391.343604,74,10.0.2.128,10.0.2.129,19520,55780,SA,,,0,
1765976391.3436258,66,10.0.2.129,10.0.2.128,55780,19520,A,,,0,
1765976391.3438315,72,10.0.2.129,10.0.2.128,41552,21,PA,LIST,,0,
1765976391.3445134,105,10.0.2.128,10.0.2.129,21,41552,PA,,,150,Here comes the directory listing.
1765976391.3445137,66,10.0.2.128,10.0.2.129,19520,55780,FA,,,0,
1765976391.3446896,66,10.0.2.129,10.0.2.128,55780,19520,FA,,,0,
1765976391.3452811,66,10.0.2.128,10.0.2.129,19520,55780,A,,,0,
1765976391.3452814,90,10.0.2.128,10.0.2.129,21,41552,PA,,,226,Directory send OK.
1765976391.3454359,66,10.0.2.129,10.0.2.128,41552,21,A,,,0,
1765976394.902184,93,10.0.2.129,10.0.2.1,0,0,,,,0,
1765976394.9022274,93,10.0.2.129,10.0.2.1,0,0,,,,0,
1765976395.0642445,74,10.0.2.129,10.0.2.128,41552,21,PA,CWD,./,0,
1765976395.0646346,103,10.0.2.128,10.0.2.129,21,41552,PA,,,250,Directory successfully changed.
1765976395.1073964,66,10.0.2.129,10.0.2.128,41552,21,A,,,0,
1765976396.1189551,72,10.0.2.129,10.0.2.128,41552,21,PA,,,0,
1765976396.1194718,115,10.0.2.128,10.0.2.129,21,41552,PA,,,229,Entering Extended Passive Mode (|||17991|).
1765976396.1194818,66,10.0.2.129,10.0.2.128,41552,21,A,,,0,
1765976396.119661,74,10.0.2.129,10.0.2.128,44446,17991,S,,,0,
1765976396.1200335,74,10.0.2.128,10.0.2.129,17991,44446,SA,,,0,
1765976396.1200469,66,10.0.2.129,10.0.2.128,44446,17991,A,,,0,
1765976396.1201537,72,10.0.2.129,10.0.2.128,41552,21,PA,LIST,,0,
1765976396.1205456,105,10.0.2.128,10.0.2.129,21,41552,PA,,,150,Here comes the directory listing.
1765976396.1205459,66,10.0.2.128,10.0.2.129,17991,44446,FA,,,0,
1765976396.1206975,66,10.0.2.129,10.0.2.128,44446,17991,FA,,,0,
1765976396.1209786,66,10.0.2.128,10.0.2.129,17991,44446,A,,,0,
1765976396.1209788,90,10.0.2.128,10.0.2.129,21,41552,PA,,,226,Directory send OK.
1765976396.1210694,66,10.0.2.129,10.0.2.128,41552,21,A,,,0,
1765976397.7015545,72,10.0.2.129,10.0.2.128,41552,21,PA,,,0,
1765976397.7022736,115,10.0.2.128,10.0.2.129,21,41552,PA,,,229,Entering Extended Passive Mode (|||31937|).
1765976397.702594,74,10.0.2.129,10.0.2.128,52254,31937,S,,,0,
1765976397.7030897,74,10.0.2.128,10.0.2.129,31937,52254,SA,,,0,
1765976397.7031324,66,10.0.2.129,10.0.2.128,52254,31937,A,,,0,
1765976397.7032578,72,10.0.2.129,10.0.2.128,41552,21,PA,LIST,,0,
1765976397.7038462,105,10.0.2.128,10.0.2.129,21,41552,PA,,,150,Here comes the directory listing.
1765976397.7038465,66,10.0.2.128,10.0.2.129,31937,52254,FA,,,0,
1765976397.704108,66,10.0.2.129,10.0.2.128,52254,31937,FA,,,0,
1765976397.704693,66,10.0.2.128,10.0.2.129,31937,52254,A,,,0,
1765976397.704693,90,10.0.2.128,10.0.2.129,21,41552,PA,,,226,Directory send OK.
1765976397.704858,66,10.0.2.129,10.0.2.128,41552,21,A,,,0,
1765976399.9055824,81,10.0.2.129,10.0.2.1,0,0,,,,0,
1765976399.905744,81,10.0.2.129,10.0.2.1,0,0,,,,0,
1765976401.9031956,71,10.0.2.129,10.0.2.128,41552,21,PA,PWD,,0,
1765976401.9036672,94,10.0.2.128,10.0.2.129,21,41552,PA,,,257,"""/tmp/qsdfroiuhjhhkjj"""
1765976401.9472225,66,10.0.2.129,10.0.2.128,41552,21,A,,,0,
1765976404.907634,81,10.0.2.129,10.0.2.1,0,0,,,,0,
1765976404.9077542,81,10.0.2.129,10.0.2.1,0,0,,,,0,
1765976406.8293984,74,10.0.2.129,10.0.2.128,41552,21,PA,CWD,./,0,
1765976406.8299515,103,10.0.2.128,10.0.2.129,21,41552,PA,,,250,Directory successfully changed.
1765976406.8299642,66,10.0.2.129,10.0.2.128,41552,21,A,,,0,
1765976409.62106,71,10.0.2.129,10.0.2.128,41552,21,PA,PWD,,0,
1765976409.6217756,94,10.0.2.128,10.0.2.129,21,41552,PA,,,257,"""/tmp/qsdfroiuhjhhkjj"""
1765976409.6217902,66,10.0.2.129,10.0.2.128,41552,21,A,,,0,
1765976409.9132092,93,10.0.2.129,10.0.2.1,0,0,,,,0,
1765976409.9132526,93,10.0.2.129,10.0.2.1,0,0,,,,0,
1765976413.4026835,75,10.0.2.129,10.0.2.128,41552,21,PA,CWD,../,0,
1765976413.403397,103,10.0.2.128,10.0.2.129,21,41552,PA,,,250,Directory successfully changed.
1765976413.403412,66,10.0.2.129,10.0.2.128,41552,21,A,,,0,
1765976414.7063653,72,10.0.2.129,10.0.2.128,41552,21,PA,,,0,
1765976414.706872,115,10.0.2.128,10.0.2.129,21,41552,PA,,,229,Entering Extended Passive Mode (|||40385|).
1765976414.7068832,66,10.0.2.129,10.0.2.128,41552,21,A,,,0,
1765976414.707082,74,10.0.2.129,10.0.2.128,33796,40385,S,,,0,
1765976414.7074692,74,10.0.2.128,10.0.2.129,40385,33796,SA,,,0,
1765976414.7074945,66,10.0.2.129,10.0.2.128,33796,40385,A,,,0,
1765976414.7075977,72,10.0.2.129,10.0.2.128,41552,21,PA,LIST,,0,
1765976414.708039,105,10.0.2.128,10.0.2.129,21,41552,PA,,,150,Here comes the directory listing.
1765976414.7080393,272,10.0.2.128,10.0.2.129,40385,33796,PA,,,0,
1765976414.708066,66,10.0.2.129,10.0.2.128,33796,40385,A,,,0,
1765976414.708163,66,10.0.2.128,10.0.2.129,40385,33796,FA,,,0,
1765976414.70824,66,10.0.2.129,10.0.2.128,33796,40385,FA,,,0,
1765976414.708502,66,10.0.2.128,10.0.2.129,40385,33796,A,,,0,
1765976414.708584,90,10.0.2.128,10.0.2.129,21,41552,PA,,,226,Directory send OK.
1765976414.7086785,66,10.0.2.129,10.0.2.128,41552,21,A,,,0,
1765976414.9187658,93,10.0.2.129,10.0.2.1,0,0,,,,0,
1765976414.9190798,93,10.0.2.129,10.0.2.1,0,0,,,,0,
1765976414.9237194,42,,,0,0,,,,0,
1765976414.924216,60,,,0,0,,,,0,
1765976419.9250753,81,10.0.2.129,10.0.2.1,0,0,,,,0,
1765976419.9251163,81,10.0.2.129,10.0.2.1,0,0,,,,0,
1765976420.9601176,72,10.0.2.129,10.0.2.128,41552,21,PA,,,0,
1765976420.960662,115,10.0.2.128,10.0.2.129,21,41552,PA,,,229,Entering Extended Passive Mode (|||40162|).
1765976420.9607522,74,10.0.2.129,10.0.2.128,56750,40162,S,,,0,
1765976420.9611385,74,10.0.2.128,10.0.2.129,40162,56750,SA,,,0,
1765976420.9611516,66,10.0.2.129,10.0.2.128,56750,40162,A,,,0,
1765976420.9612646,72,10.0.2.129,10.0.2.128,41552,21,PA,,,0,
1765976420.9616468,105,10.0.2.128,10.0.2.129,21,41552,PA,,,150,Here comes the directory listing.
1765976420.9616468,104,10.0.2.128,10.0.2.129,40162,56750,PA,,,0,
1765976420.9616606,66,10.0.2.129,10.0.2.128,56750,40162,A,,,0,
1765976420.9617593,66,10.0.2.128,10.0.2.129,40162,56750,FA,,,0,
1765976420.961849,66,10.0.2.129,10.0.2.128,56750,40162,FA,,,0,
1765976420.962171,66,10.0.2.128,10.0.2.129,40162,56750,A,,,0,
1765976420.962171,90,10.0.2.128,10.0.2.129,21,41552,PA,,,226,Directory send OK.
1765976420.962266,66,10.0.2.129,10.0.2.128,41552,21,A,,,0,
1765976421.4925268,87,10.0.2.129,10.0.2.128,41552,21,PA,RMD,qsdfroiuhjhhkjj,0,
1765976421.4932795,110,10.0.2.128,10.0.2.129,21,41552,PA,,,250,Remove directory operation successful.
1765976421.5351849,66,10.0.2.129,10.0.2.128,41552,21,A,,,0,
1765976424.931172,81,10.0.2.129,10.0.2.1,0,0,,,,0,
1765976424.9312172,81,10.0.2.129,10.0.2.1,0,0,,,,0,
1765976425.1265929,77,10.0.2.129,10.0.2.128,41552,21,PA,CWD,qwert,0,
1765976425.1272173,103,10.0.2.128,10.0.2.129,21,41552,PA,,,250,Directory successfully changed.
1765976425.1272316,66,10.0.2.129,10.0.2.128,41552,21,A,,,0,
1765976429.9369876,93,10.0.2.129,10.0.2.1,0,0,,,,0,
1765976429.9370286,93,10.0.2.129,10.0.2.1,0,0,,,,0,
1765976434.9432435,93,10.0.2.129,10.0.2.1,0,0,,,,0,
1765976434.9434407,93,10.0.2.129,10.0.2.1,0,0,,,,0,
1765976436.876883,72,10.0.2.129,10.0.2.128,41552,21,PA,QUIT,,0,
1765976436.8775773,80,10.0.2.128,10.0.2.129,21,41552,PA,,,221,Goodbye.
1765976436.8775775,66,10.0.2.128,10.0.2.129,21,41552,FA,,,0,
1765976436.8775966,66,10.0.2.129,10.0.2.128,41552,21,A,,,0,
1765976436.8778427,66,10.0.2.129,10.0.2.128,41552,21,FA,,,0,
1765976436.8783956,66,10.0.2.128,10.0.2.129,21,41552,A,,,0,
1765976439.9507303,81,10.0.2.129,10.0.2.1,0,0,,,,0,
1765976439.9509437,81,10.0.2.129,10.0.2.1,0,0,,,,0,
1765976442.3062046,74,10.0.2.129,10.0.2.128,50288,21,S,,,0,
1765976442.3067374,74,10.0.2.128,10.0.2.129,21,50288,SA,,,0,
1765976442.3067775,66,10.0.2.129,10.0.2.128,50288,21,A,,,0,
1765976442.3092387,86,10.0.2.128,10.0.2.129,21,50288,PA,,,220,(vsFTPd 2.3.4)
1765976442.3092763,66,10.0.2.129,10.0.2.128,50288,21,A,,,0,
1765976444.882436,80,10.0.2.129,10.0.2.128,50288,21,PA,USER,asfdfas,0,
1765976444.8829098,66,10.0.2.128,10.0.2.129,21,50288,A,,,0,
1765976444.88291,100,10.0.2.128,10.0.2.129,21,50288,PA,,,331,Please specify the password.
1765976444.882942,66,10.0.2.129,10.0.2.128,50288,21,A,,,0,
1765976444.9570458,81,10.0.2.129,10.0.2.1,0,0,,,,0,
1765976444.9570904,81,10.0.2.129,10.0.2.1,0,0,,,,0,
1765976446.3091197,82,10.0.2.129,10.0.2.128,50288,21,PA,PASS,ldsbkudsf,0,
1765976446.3453655,66,10.0.2.128,10.0.2.129,21,50288,A,,,0,
1765976449.6281533,88,10.0.2.128,10.0.2.129,21,50288,PA,,,530,Login incorrect.
1765976449.6281948,66,10.0.2.129,10.0.2.128,50288,21,A,,,0,
1765976449.9626,93,10.0.2.129,10.0.2.1,0,0,,,,0,
1765976449.9626634,93,10.0.2.129,10.0.2.1,0,0,,,,0,
1765976449.9952736,42,,,0,0,,,,0,
1765976449.9954283,60,,,0,0,,,,0,
1765976454.9679413,93,10.0.2.129,10.0.2.1,0,0,,,,0,
1765976454.9679797,93,10.0.2.129,10.0.2.1,0,0,,,,0,
1765976455.5251987,79,10.0.2.129,10.0.2.128,50288,21,PA,USER,flnkaf,0,
1765976455.525628,66,10.0.2.128,10.0.2.129,21,50288,A,,,0,
1765976455.52571,100,10.0.2.128,10.0.2.129,21,50288,PA,,,331,Please specify the password.
1765976455.525731,66,10.0.2.129,10.0.2.128,50288,21,A,,,0,
1765976457.077976,82,10.0.2.129,10.0.2.128,50288,21,PA,PASS,hvkjvfduk,0,
1765976457.1159573,66,10.0.2.128,10.0.2.129,21,50288,A,,,0,
1765976459.9735057,81,10.0.2.129,10.0.2.1,0,0,,,,0,
1765976459.9735494,81,10.0.2.129,10.0.2.1,0,0,,,,0,
1765976460.2383842,88,10.0.2.128,10.0.2.129,21,50288,PA,,,530,Login incorrect.
1765976460.2385297,66,10.0.2.129,10.0.2.128,50288,21,A,,,0,
1765976462.9762824,79,10.0.2.129,10.0.2.128,50288,21,PA,USER,asdibi,0,
1765976462.976719,66,10.0.2.128,10.0.2.129,21,50288,A,,,0,
1765976462.9767191,100,10.0.2.128,10.0.2.129,21,50288,PA,,,331,Please specify the password.
1765976462.9767494,66,10.0.2.129,10.0.2.128,50288,21,A,,,0,
1765976464.8059943,79,10.0.2.129,10.0.2.128,50288,21,PA,PASS,iohbui,0,
1765976464.8469374,66,10.0.2.128,10.0.2.129,21,50288,A,,,0,
1765976464.9791965,81,10.0.2.129,10.0.2.1,0,0,,,,0,
1765976464.979236,81,10.0.2.129,10.0.2.1,0,0,,,,0,
1765976468.399919,88,10.0.2.128,10.0.2.129,21,50288,PA,,,530,Login incorrect.
1765976468.3999193,66,10.0.2.128,10.0.2.129,21,50288,FA,,,0,
1765976468.399961,66,10.0.2.129,10.0.2.128,50288,21,A,,,0,
1765976468.443099,66,10.0.2.129,10.0.2.128,50288,21,A,,,0,
1765976469.9849675,93,10.0.2.129,10.0.2.1,0,0,,,,0,
1765976469.985067,93,10.0.2.129,10.0.2.1,0,0,,,,0,
1765976474.9908493,93,10.0.2.129,10.0.2.1,0,0,,,,0,
1765976474.9909697,93,10.0.2.129,10.0.2.1,0,0,,,,0,
1765976479.9967365,81,10.0.2.129,10.0.2.1,0,0,,,,0,
1765976479.9967766,81,10.0.2.129,10.0.2.1,0,0,,,,0,
1765976481.697786,81,10.0.2.129,10.0.2.128,50288,21,PA,USER,msfadmin,0,
1765976481.69786,66,10.0.2.129,10.0.2.128,50288,21,FA,,,0,
1765976481.698371,60,10.0.2.128,10.0.2.129,21,50288,R,,,0,
1765976481.6983714,60,10.0.2.128,10.0.2.129,21,50288,R,,,0,
1765976485.0019617,81,10.0.2.129,10.0.2.1,0,0,,,,0,
1765976485.002008,81,10.0.2.129,10.0.2.1,0,0,,,,0,
1765976486.5239434,212,10.0.2.1,239.255.255.250,0,0,,,,0,
1765976487.5288537,212,10.0.2.1,239.255.255.250,0,0,,,,0,
1765976488.5370886,212,10.0.2.1,239.255.255.250,0,0,,,,0,
1765976489.5390213,212,10.0.2.1,239.255.255.250,0,0,,,,0,
1765976490.007939,93,10.0.2.129,10.0.2.1,0,0,,,,0,
1765976490.0081072,93,10.0.2.129,10.0.2.1,0,0,,,,0,
1765976495.014455,93,10.0.2.129,10.0.2.1,0,0,,,,0,
1765976495.014504,93,10.0.2.129,10.0.2.1,0,0,,,,0,
1765976500.0209284,81,10.0.2.129,10.0.2.1,0,0,,,,0,
1765976500.0209925,81,10.0.2.129,10.0.2.1,0,0,,,,0,
1765976505.0269334,81,10.0.2.129,10.0.2.1,0,0,,,,0,
1765976505.0271144,81,10.0.2.129,10.0.2.1,0,0,,,,0,
1765976505.0354044,42,,,0,0,,,,0,
1765976505.0366518,60,,,0,0,,,,0,
1765976510.0330179,93,10.0.2.129,10.0.2.1,0,0,,,,0,
1765976510.0330756,93,10.0.2.129,10.0.2.1,0,0,,,,0,
1765976515.0390291,93,10.0.2.129,10.0.2.1,0,0,,,,0,
1765976515.039154,93,10.0.2.129,10.0.2.1,0,0,,,,0,
1765976520.045108,81,10.0.2.129,10.0.2.1,0,0,,,,0,
1765976520.0451572,81,10.0.2.129,10.0.2.1,0,0,,,,0,
1765976524.678124,74,10.0.2.129,10.0.2.128,60004,21,S,,,0,
1765976524.678745,74,10.0.2.128,10.0.2.129,21,60004,SA,,,0,
1765976524.6787908,66,10.0.2.129,10.0.2.128,60004,21,A,,,0,
1765976524.6817532,86,10.0.2.128,10.0.2.129,21,60004,PA,,,220,(vsFTPd 2.3.4)
1765976524.6817927,66,10.0.2.129,10.0.2.128,60004,21,A,,,0,
1765976525.0507085,81,10.0.2.129,10.0.2.1,0,0,,,,0,
1765976525.0507598,81,10.0.2.129,10.0.2.1,0,0,,,,0,
1765976528.2645967,81,10.0.2.129,10.0.2.128,60004,21,PA,USER,msfadmin,0,
1765976528.2649598,66,10.0.2.128,10.0.2.129,21,60004,A,,,0,
1765976528.265141,100,10.0.2.128,10.0.2.129,21,60004,PA,,,331,Please specify the password.
1765976528.2651722,66,10.0.2.129,10.0.2.128,60004,21,A,,,0,
1765976530.056586,93,10.0.2.129,10.0.2.1,0,0,,,,0,
1765976530.0567086,93,10.0.2.129,10.0.2.1,0,0,,,,0,
1765976531.2375531,81,10.0.2.129,10.0.2.128,60004,21,PA,PASS,msfadmin,0,
1765976531.239258,89,10.0.2.128,10.0.2.129,21,60004,PA,,,230,Login successful.
1765976531.2392695,66,10.0.2.129,10.0.2.128,60004,21,A,,,0,
1765976531.239405,72,10.0.2.129,10.0.2.128,60004,21,PA,SYST,,0,
1765976531.2397356,85,10.0.2.128,10.0.2.129,21,60004,PA,,,215,UNIX Type: L8
1765976531.2398844,72,10.0.2.129,10.0.2.128,60004,21,PA,,,0,
1765976531.2400856,81,10.0.2.128,10.0.2.129,21,60004,PA,,,0,
1765976531.240272,73,10.0.2.128,10.0.2.129,21,60004,PA,,,0,
1765976531.2402723,73,10.0.2.128,10.0.2.129,21,60004,PA,,,0,
1765976531.2403808,66,10.0.2.129,10.0.2.128,60004,21,A,,,0,
1765976531.2407064,124,10.0.2.128,10.0.2.129,21,60004,PA,,,0,
1765976531.2872465,66,10.0.2.129,10.0.2.128,60004,21,A,,,0,
1765976535.0627155,93,10.0.2.129,10.0.2.1,0,0,,,,0,
1765976535.062825,93,10.0.2.129,10.0.2.1,0,0,,,,0,
1765976538.6656036,74,10.0.2.129,10.0.2.128,60004,21,PA,CWD,ls,0,
1765976538.6663122,99,10.0.2.128,10.0.2.129,21,60004,PA,,,550,Failed to change directory.
1765976538.6663272,66,10.0.2.129,10.0.2.128,60004,21,A,,,0,
1765976539.8870978,71,10.0.2.129,10.0.2.128,60004,21,PA,PWD,,0,
1765976539.8876107,88,10.0.2.128,10.0.2.129,21,60004,PA,,,257,"""/home/msfadmin"""
1765976539.887624,66,10.0.2.129,10.0.2.128,60004,21,A,,,0,
1765976540.0688457,81,10.0.2.129,10.0.2.1,0,0,,,,0,
1765976540.0689023,81,10.0.2.129,10.0.2.1,0,0,,,,0,
1765976542.403248,72,10.0.2.129,10.0.2.128,60004,21,PA,QUIT,,0,
1765976542.4039364,80,10.0.2.128,10.0.2.129,21,60004,PA,,,221,Goodbye.
1765976542.4039366,66,10.0.2.128,10.0.2.129,21,60004,FA,,,0,
1765976542.4039545,66,10.0.2.129,10.0.2.128,60004,21,A,,,0,
1765976542.4041507,66,10.0.2.129,10.0.2.128,60004,21,FA,,,0,
1765976542.4043043,66,10.0.2.128,10.0.2.129,21,60004,A,,,0,
1765976545.0742285,81,10.0.2.129,10.0.2.1,0,0,,,,0,
1765976545.0742784,81,10.0.2.129,10.0.2.1,0,0,,,,0,
